timestamp,type,model,accuracy,f1,recall
2025-04-11 14:18:21.352405,test,lstm,89.51854775059195,89.51833618981422,89.51854775059195
2025-04-11 14:18:23.923182,validation,lstm,89.70634670034732,89.70543934848975,89.70634670034732
2025-04-11 14:21:21.031494,test,cnn,89.26598263614838,89.26569429023593,89.26598263614838
2025-04-11 14:21:22.574784,validation,cnn,89.05904641616672,89.05823884569388,89.05904641616672
2025-04-14 22:11:52.022363,validation,50.34733185980423,34.29102697087208,50.347331859804235
2025-04-14 22:12:06.523205,validation,58.08335964635302,49.49757691227071,58.08335964635302
2025-04-14 22:12:19.956343,validation,62.2355541521945,56.24962758403401,62.2355541521945
2025-04-14 22:12:33.029990,validation,70.85569940006314,68.39504904859986,70.85569940006316
2025-04-14 22:12:47.863303,validation,74.09220082096621,72.49905094536263,74.09220082096621
2025-04-14 22:13:02.363689,validation,76.53931165140511,75.4131040977141,76.53931165140511
2025-04-14 22:13:16.751429,validation,77.39185348910641,76.41408193284505,77.39185348910641
2025-04-14 22:13:29.371465,validation,80.59677928639091,80.06050769328736,80.59677928639091
2025-04-14 22:13:43.047707,validation,81.97031891379855,81.5538040965421,81.97031891379855
2025-04-14 22:13:55.896798,validation,77.202399747395,76.15809347896123,77.202399747395
2025-04-14 22:14:08.534689,validation,81.70192611304073,81.26915478128443,81.70192611304074
2025-04-14 22:14:21.416785,validation,82.49131670350489,82.13639897031885,82.49131670350489
2025-04-14 22:14:34.808412,validation,82.55446795074202,82.2056607496994,82.55446795074202
2025-04-14 22:14:47.022718,validation,82.45974107988633,82.07768225233113,82.45974107988633
2025-04-14 22:15:00.184436,validation,84.07009788443322,83.826820285732,84.07009788443321
2025-04-14 22:15:16.046425,validation,81.74928954846858,81.31488104192276,81.74928954846858
2025-04-14 22:15:30.425269,validation,85.33312282917588,85.17071215618782,85.33312282917588
2025-04-14 22:15:42.071799,validation,84.81212503946954,84.61338978930371,84.81212503946954
2025-04-14 22:15:54.874369,validation,82.98073886959267,82.64435534216034,82.98073886959267
2025-04-14 22:16:07.933561,validation,83.7069782128197,83.43348770889408,83.7069782128197
2025-04-14 22:16:20.444869,validation,83.92800757814967,83.6715295375017,83.92800757814966
2025-04-14 22:16:33.608875,validation,83.58067571834543,83.3064403240391,83.58067571834543
2025-04-14 22:16:46.708224,validation,83.43858541206188,83.15289561858715,83.43858541206188
2025-04-14 22:16:59.774272,validation,85.31733501736659,85.159180942303,85.31733501736659
2025-04-14 22:17:12.692053,validation,84.95421534575308,84.77306634730924,84.95421534575308
2025-04-14 22:17:25.000866,validation,84.2753394379539,84.0625710760207,84.2753394379539
2025-04-14 22:17:38.019561,validation,85.26997158193875,85.10785503258505,85.26997158193875
2025-04-14 22:17:50.638644,validation,84.30691506157247,84.07899928095605,84.30691506157247
2025-04-14 22:18:04.012178,validation,84.25955162614461,84.01916731900376,84.25955162614461
2025-04-14 22:18:16.971506,validation,85.55415219450585,85.41491483135079,85.55415219450583
2025-04-14 22:18:30.019380,validation,83.35964635301548,83.05168116033957,83.35964635301548
2025-04-14 22:18:41.883394,validation,84.6542469213767,84.46016724400141,84.6542469213767
2025-04-14 22:18:54.373747,validation,83.91221976634039,83.65876357624522,83.91221976634039
2025-04-14 22:19:07.889936,validation,85.17524471108304,85.0110858069541,85.17524471108304
2025-04-14 22:19:20.933004,validation,85.6962425007894,85.55429621883471,85.69624250078938
2025-04-14 22:19:33.456903,validation,85.93305967792864,85.80186057249759,85.93305967792864
2025-04-14 22:19:45.300802,validation,86.12251341964004,86.0159663964357,86.12251341964003
2025-04-14 22:19:56.950699,validation,84.98579096937165,84.79427120668049,84.98579096937165
2025-04-14 22:20:09.249093,validation,83.97537101357752,83.71899398531461,83.97537101357752
2025-04-14 22:20:20.890688,validation,83.77012946005684,83.51245573343931,83.77012946005684
2025-04-14 22:20:32.733104,validation,84.3700663088096,84.14185076759843,84.3700663088096
2025-04-14 22:20:44.689535,validation,86.46984527944427,86.37412406675573,86.46984527944427
2025-04-14 22:20:58.110073,validation,85.2226081465109,85.05241907172984,85.2226081465109
2025-04-14 22:21:10.551404,validation,85.19103252289233,85.00905947753529,85.19103252289233
2025-04-14 22:21:24.701246,validation,86.07514998421219,85.95165145670805,86.07514998421219
2025-04-14 22:21:37.185283,validation,84.63845910956742,84.43688535618794,84.6384591095674
2025-04-14 22:21:50.037402,validation,86.5329965266814,86.4420089193066,86.5329965266814
2025-04-14 22:22:03.388132,validation,85.7751815598358,85.63985774190664,85.77518155983581
2025-04-14 22:22:17.374339,validation,85.30154720555731,85.1317602697139,85.3015472055573
2025-04-14 22:22:31.193723,validation,85.91727186611935,85.7837392601995,85.91727186611936
2025-04-14 22:22:44.617278,validation,85.93305967792864,85.79923778916628,85.93305967792864
2025-04-14 22:22:57.374556,validation,86.10672560783075,85.98847763482712,86.10672560783075
2025-04-14 22:23:12.337154,validation,85.44363751184086,85.2944997400506,85.44363751184086
2025-04-14 22:23:26.667480,validation,85.25418377012946,85.08739359007316,85.25418377012946
2025-04-14 22:23:39.189489,validation,86.02778654878433,85.90512754148814,86.02778654878433
2025-04-14 22:23:52.007389,validation,86.31196716135143,86.19827496059263,86.31196716135143
2025-04-14 22:24:05.233652,validation,85.30154720555731,85.14951934731918,85.3015472055573
2025-04-14 22:24:19.104556,validation,85.15945689927376,84.99260718525282,85.15945689927375
2025-04-14 22:24:32.855865,validation,85.28575939374802,85.11528176747822,85.28575939374802
2025-04-14 22:24:45.970443,validation,85.11209346384591,84.93908864913418,85.11209346384591
2025-04-14 22:25:00.518205,validation,86.01199873697506,85.89128813061008,86.01199873697506
2025-04-14 22:25:15.118720,validation,85.33312282917588,85.17562676799696,85.33312282917588
2025-04-14 22:25:28.047138,validation,85.26997158193875,85.10686161649433,85.26997158193875
2025-04-14 22:25:40.573031,validation,85.66466687717083,85.52513903702736,85.66466687717083
2025-04-14 22:25:53.585959,validation,85.83833280707294,85.70094244839254,85.83833280707293
2025-04-14 22:26:07.077016,validation,86.80138932743921,86.71117397072385,86.80138932743921
2025-04-14 22:26:19.893928,validation,85.9646353015472,85.83023558411388,85.9646353015472
2025-04-14 22:26:33.698443,validation,86.83296495105779,86.74226959771552,86.83296495105778
2025-04-14 22:26:47.633994,validation,86.15408904325861,86.03170741328636,86.15408904325861
2025-04-14 22:27:00.303204,validation,86.28039153773287,86.16563626093058,86.28039153773287
2025-04-14 22:27:15.465150,validation,86.02778654878433,85.90344663019667,86.02778654878433
2025-04-14 22:27:28.707095,validation,85.71203031259867,85.57251155927003,85.71203031259867
2025-04-14 22:27:42.788082,validation,85.80675718345438,85.66816341633563,85.80675718345438
2025-04-14 22:27:57.020664,validation,85.72781812440796,85.58251662488746,85.72781812440796
2025-04-14 22:28:15.143970,validation,84.90685191032523,84.71596696014953,84.90685191032523
2025-04-14 22:28:28.929804,validation,85.58572781812441,85.43190109188475,85.58572781812441
2025-04-14 22:28:42.258092,validation,86.10672560783075,85.97757541773946,86.10672560783075
2025-04-14 22:28:55.325226,validation,86.0593621724029,85.93698036060343,86.05936217240291
2025-04-14 22:29:09.384432,validation,85.50678875907799,85.3545112759337,85.50678875907799
2025-04-14 22:29:22.989451,validation,85.6804546889801,85.54062760691481,85.6804546889801
2025-04-14 22:29:36.887636,validation,85.56994000631512,85.41642257501437,85.56994000631512
2025-04-14 22:29:49.864231,validation,86.20145247868645,86.08237677895396,86.20145247868646
2025-04-14 22:30:03.198960,validation,86.2488159141143,86.13539895675399,86.2488159141143
2025-04-14 22:30:17.564345,validation,86.02778654878433,85.90004958133073,86.02778654878433
2025-04-14 22:30:30.856277,validation,86.15408904325861,86.03170741328636,86.15408904325861
2025-04-14 22:30:43.726423,validation,86.40669403220714,86.29848953668741,86.40669403220713
2025-04-14 22:30:57.073527,validation,85.85412061888222,85.71283653433625,85.85412061888222
2025-04-14 22:31:09.764408,validation,86.09093779602148,85.96631882694695,86.09093779602148
2025-04-14 22:31:22.946896,validation,86.23302810230503,86.11258311434231,86.23302810230501
2025-04-14 22:31:37.970105,validation,85.9804231133565,85.85268178872357,85.98042311335648
2025-04-14 22:31:52.436912,validation,85.9804231133565,85.85268178872357,85.98042311335648
2025-04-14 22:32:05.235212,validation,86.01199873697506,85.88196797740586,86.01199873697506
2025-04-14 22:32:18.198080,validation,86.15408904325861,86.03253881794927,86.15408904325861
2025-04-14 22:32:31.807231,validation,86.12251341964004,85.99901648355127,86.12251341964003
2025-04-14 22:32:44.654307,validation,86.02778654878433,85.90175397956402,86.02778654878433
2025-04-14 22:32:58.315819,validation,86.12251341964004,85.99817735401405,86.12251341964003
2025-04-14 22:33:12.434481,validation,86.07514998421219,85.9491210868141,86.07514998421219
2025-04-14 22:33:25.129951,validation,86.04357436059362,85.91640844733291,86.04357436059362
2025-04-14 22:33:37.469101,validation,86.21724029049574,86.09870993995952,86.21724029049574
2025-04-14 22:33:49.847321,validation,86.32775497316072,86.21459185483721,86.32775497316072
2025-04-14 22:34:22.025887,validation,49.93684875276287,33.33322765394183,49.93684875276287
2025-04-14 22:34:34.143232,validation,51.23144932112409,36.166057839352696,51.23144932112409
2025-04-14 22:34:48.132744,validation,52.28923271234607,38.441122688478416,52.28923271234607
2025-04-14 22:35:00.935581,validation,55.66782443953268,45.029467451889346,55.66782443953267
2025-04-14 22:35:14.777994,validation,57.23081780865172,47.94195431426452,57.23081780865172
2025-04-14 22:35:27.491752,validation,61.05146826649826,54.31782017285352,61.05146826649827
2025-04-14 22:35:40.264597,validation,63.1828228607515,57.61923328197792,63.1828228607515
2025-04-14 22:35:52.854641,validation,66.90874644774235,63.04888691348458,66.90874644774235
2025-04-14 22:36:04.913612,validation,67.12977581307231,63.3207198915042,67.12977581307231
2025-04-14 22:36:17.973423,validation,69.19797916008841,66.19345933584005,69.19797916008841
2025-04-14 22:36:30.769773,validation,70.44521629302179,67.8319459512813,70.44521629302179
2025-04-14 22:36:44.097204,validation,71.3766971897695,69.03342766039053,71.3766971897695
2025-04-14 22:36:56.566178,validation,72.13451215661509,69.98124372666797,72.13451215661509
2025-04-14 22:37:09.724549,validation,69.41900852541838,66.44297359110834,69.41900852541838
2025-04-14 22:37:22.939059,validation,72.8765393116514,70.89311580303446,72.8765393116514
2025-04-14 22:37:36.530416,validation,72.86075149984212,70.87874691590794,72.86075149984212
2025-04-14 22:37:49.011643,validation,73.7290811493527,71.95405373137562,73.72908114935271
2025-04-14 22:38:01.868576,validation,72.48184401641933,70.41959213429729,72.48184401641933
2025-04-14 22:38:14.768702,validation,73.88695926744553,72.1741233024179,73.88695926744553
2025-04-14 22:38:28.011980,validation,75.59204294284812,74.23123642726483,75.59204294284812
2025-04-14 22:38:40.607268,validation,73.95011051468266,72.23678144298106,73.95011051468266
2025-04-14 22:38:53.635364,validation,75.76570887275024,74.43214830838018,75.76570887275024
2025-04-14 22:39:06.946627,validation,74.02904957372908,72.34623821386444,74.02904957372908
2025-04-14 22:39:20.038976,validation,75.27628670666246,73.84942810249842,75.27628670666246
2025-04-14 22:39:33.081051,validation,74.64477423429113,73.07473185094993,74.64477423429112
2025-04-14 22:39:46.984464,validation,74.18692769182191,72.5370370954586,74.18692769182191
2025-04-14 22:40:00.479788,validation,74.62898642248184,73.06014572017192,74.62898642248184
2025-04-14 22:40:13.252879,validation,75.63940637827596,74.28714040135449,75.63940637827598
2025-04-14 22:40:26.662449,validation,76.6498263340701,75.48514179079777,76.6498263340701
2025-04-14 22:40:39.558559,validation,77.39185348910641,76.3594891818751,77.39185348910641
2025-04-14 22:40:52.819275,validation,77.02873381749289,75.91748130419155,77.0287338174929
2025-04-14 22:41:04.995963,validation,77.4076413009157,76.3841255713301,77.4076413009157
2025-04-14 22:41:18.108645,validation,76.9340069466372,75.81473164715665,76.9340069466372
2025-04-14 22:41:31.509864,validation,75.26049889485317,73.83068806711435,75.26049889485319
2025-04-14 22:41:44.536201,validation,77.54973160719925,76.5278114934954,77.54973160719925
2025-04-14 22:41:57.549830,validation,76.03410167350805,74.75532867810718,76.03410167350805
2025-04-14 22:42:12.697736,validation,76.76034101673508,75.60293012793937,76.76034101673508
2025-04-14 22:42:26.019990,validation,75.95516261446164,74.64357166103933,75.95516261446164
2025-04-14 22:42:39.382272,validation,74.69213766971897,73.14884336011843,74.69213766971897
2025-04-14 22:42:53.500116,validation,75.48152826018314,74.10064634847339,75.48152826018314
2025-04-14 22:43:07.091743,validation,75.82886011998737,74.49877463200653,75.82886011998737
2025-04-14 22:43:20.155984,validation,77.83391221976635,76.8534176693249,77.83391221976635
2025-04-14 22:43:34.085753,validation,77.80233659614777,76.82985322621957,77.80233659614777
2025-04-14 22:43:46.600186,validation,77.70760972529207,76.70566758645874,77.70760972529207
2025-04-14 22:43:59.610194,validation,78.89169561098832,78.0635707771712,78.89169561098832
2025-04-14 22:44:11.748086,validation,77.32870224186928,76.27703261587632,77.32870224186928
2025-04-14 22:44:24.965439,validation,79.46005683612252,78.72583579418992,79.46005683612252
2025-04-14 22:44:38.549435,validation,78.10230502052416,77.18711401052451,78.10230502052416
2025-04-14 22:44:51.977581,validation,78.08651720871487,77.16010849008636,78.08651720871487
2025-04-14 22:45:05.696304,validation,79.2863909062204,78.53681075436427,79.28639090622039
2025-04-14 22:45:19.080787,validation,79.096937164509,78.3110682606644,79.096937164509
2025-04-14 22:45:33.326845,validation,78.48121250394695,77.60530574647326,78.48121250394695
2025-04-14 22:45:46.047632,validation,78.16545626776129,77.24690153198299,78.16545626776129
2025-04-14 22:45:58.216833,validation,78.37069782128196,77.47412661670084,78.37069782128196
2025-04-14 22:46:10.952105,validation,77.66024628986422,76.65457806656809,77.66024628986422
2025-04-14 22:46:23.994098,validation,77.9760025260499,77.02503420792195,77.9760025260499
2025-04-14 22:46:37.009492,validation,78.79696874013261,77.96231647601293,78.79696874013263
2025-04-14 22:46:50.486836,validation,78.48121250394695,77.60239364802803,78.48121250394695
2025-04-14 22:47:03.652431,validation,77.72339753710136,76.72693481095104,77.72339753710136
2025-04-14 22:47:17.933045,validation,77.91285127881275,76.95297173725297,77.91285127881275
2025-04-14 22:47:32.051085,validation,78.59172718661193,77.73328961073248,78.59172718661193
2025-04-14 22:47:45.221564,validation,78.3391221976634,77.44714832029858,78.3391221976634
2025-04-14 22:47:58.242947,validation,78.82854436375118,78.00074360337096,78.82854436375119
2025-04-14 22:48:10.770109,validation,78.08651720871487,77.15707949372911,78.08651720871487
2025-04-14 22:48:24.593547,validation,79.6652983896432,78.94733693565829,79.6652983896432
2025-04-14 22:48:37.090231,validation,79.23902747079255,78.46519861847186,79.23902747079255
2025-04-14 22:48:49.397242,validation,77.58130723081781,76.57048101501937,77.58130723081781
2025-04-14 22:49:02.577211,validation,78.27597095042627,77.37250324943082,78.27597095042627
2025-04-14 22:49:16.501616,validation,78.2443953268077,77.33065886878488,78.2443953268077
2025-04-14 22:49:31.021454,validation,78.8127565519419,77.98573837676237,78.8127565519419
2025-04-14 22:49:45.060626,validation,79.0022102936533,78.20187359174953,79.00221029365329
2025-04-14 22:49:58.065166,validation,78.18124407957058,77.26185039463496,78.18124407957056
2025-04-14 22:50:11.004456,validation,78.5285759393748,77.6618377499222,78.5285759393748
2025-04-14 22:50:23.344184,validation,78.30754657404484,77.40835764331896,78.30754657404484
2025-04-14 22:50:36.063406,validation,77.88127565519419,76.90756975001798,77.88127565519419
2025-04-14 22:50:48.463326,validation,78.0549415850963,77.11503120146384,78.0549415850963
2025-04-14 22:51:01.249594,validation,78.30754657404484,77.40242099671588,78.30754657404484
2025-04-14 22:51:14.424793,validation,78.78118092832334,77.95573022752262,78.78118092832334
2025-04-14 22:51:27.274086,validation,77.92863909062204,76.97408278080823,77.92863909062204
2025-04-14 22:51:39.798825,validation,78.40227344490053,77.51876732587124,78.40227344490054
2025-04-14 22:51:52.738568,validation,77.81812440795706,76.84163847164544,77.81812440795706
2025-04-14 22:52:05.724880,validation,78.71802968108621,77.88168143896658,78.7180296810862
2025-04-14 22:52:19.013090,validation,78.73381749289548,77.8966792950033,78.73381749289548
2025-04-14 22:52:32.656266,validation,78.3391221976634,77.44714832029858,78.3391221976634
2025-04-14 22:52:46.022414,validation,78.79696874013261,77.97631920168342,78.79696874013263
2025-04-14 22:52:58.936718,validation,79.25481528260183,78.49618709554773,79.25481528260183
2025-04-14 22:53:11.546179,validation,78.74960530470477,77.91731265919005,78.74960530470477
2025-04-14 22:53:24.772264,validation,79.12851278812757,78.35726627649649,79.12851278812757
2025-04-14 22:53:37.874140,validation,79.12851278812757,78.34652833380929,79.12851278812757
2025-04-14 22:53:50.639614,validation,78.82854436375118,78.00353997419268,78.82854436375119
2025-04-14 22:54:03.675674,validation,78.67066624565835,77.8282089697543,78.67066624565835
2025-04-14 22:54:16.973087,validation,78.84433217556047,78.02690572803273,78.84433217556047
2025-04-14 22:54:29.736979,validation,78.84433217556047,78.03797790446944,78.84433217556047
2025-04-14 22:54:42.813427,validation,78.93905904641616,78.1417953496788,78.93905904641618
2025-04-14 22:54:56.185635,validation,78.65487843384906,77.8046861981138,78.65487843384908
2025-04-14 22:55:09.285042,validation,78.9074834227976,78.10628291020511,78.9074834227976
2025-04-14 22:55:22.691419,validation,78.84433217556047,78.03245229524441,78.84433217556047
2025-04-14 22:55:35.838005,validation,78.54436375118408,77.68833597819574,78.5443637511841
2025-04-14 22:55:50.118344,validation,79.14430059993686,78.37497293846239,79.14430059993684
2025-04-14 22:56:05.149510,validation,79.14430059993686,78.37497293846239,79.14430059993684
2025-04-14 22:56:38.648704,validation,49.889485317335016,33.22815447643682,49.88948531733502
2025-04-14 22:56:52.424188,validation,49.95263656457215,33.36821386602855,49.95263656457215
2025-04-14 22:57:06.755304,validation,50.0947268708557,33.68223439822932,50.0947268708557
2025-04-14 22:57:21.142770,validation,50.757814966845594,35.12765031527141,50.757814966845594
2025-04-14 22:57:34.656618,validation,51.784022734449,37.376015730146975,51.78402273444901
2025-04-14 22:57:47.780498,validation,54.34164824755289,42.521484962578356,54.34164824755289
2025-04-14 22:58:00.742302,validation,56.20461004104831,46.027207322954766,56.20461004104831
2025-04-14 22:58:15.493835,validation,57.32554467950742,48.05725452619306,57.32554467950742
2025-04-14 22:58:30.310419,validation,59.535838332807074,51.813092304993646,59.53583833280708
2025-04-14 22:58:43.816107,validation,61.03568045468898,54.2537497340399,61.03568045468898
2025-04-14 22:58:57.670669,validation,63.8459109567414,58.59852171910577,63.84591095674139
2025-04-14 22:59:10.734958,validation,63.30912535522577,57.808954459954265,63.309125355225774
2025-04-14 22:59:24.244932,validation,64.95105778339122,60.22650928816413,64.95105778339122
2025-04-14 22:59:37.315994,validation,65.66150931480897,61.26430489188968,65.66150931480897
2025-04-14 22:59:50.728772,validation,65.89832649194821,61.60939337816435,65.89832649194821
2025-04-14 23:00:03.572683,validation,67.22450268392801,63.47600335373953,67.22450268392801
2025-04-14 23:00:16.950491,validation,68.23492263972213,64.86657544773453,68.23492263972214
2025-04-14 23:00:30.017659,validation,67.39816861383012,63.71436695006778,67.39816861383012
2025-04-14 23:00:43.454813,validation,69.15061572466057,66.11694456015528,69.15061572466055
2025-04-14 23:00:56.213968,validation,68.23492263972213,64.86657544773453,68.23492263972214
2025-04-14 23:01:09.298879,validation,68.78749605304705,65.60665475511394,68.78749605304705
2025-04-14 23:01:22.438333,validation,72.26081465108936,70.13359187562071,72.26081465108936
2025-04-14 23:01:34.989847,validation,71.28197031891379,68.8839798416226,71.2819703189138
2025-04-14 23:01:47.604257,validation,70.77676034101674,68.22691303414756,70.77676034101673
2025-04-14 23:02:00.432490,validation,71.43984843700663,69.07262294345304,71.43984843700663
2025-04-14 23:02:13.511832,validation,69.57688664351122,66.6573392527143,69.5768866435112
2025-04-14 23:02:25.946260,validation,69.92421850331544,67.09165121737148,69.92421850331544
2025-04-14 23:02:38.894710,validation,70.31891379854753,67.62433062662635,70.31891379854753
2025-04-14 23:02:51.580812,validation,71.23460688348595,68.81189979523123,71.23460688348595
2025-04-14 23:03:04.697967,validation,71.58193874329018,69.26412288446625,71.58193874329018
2025-04-14 23:03:19.091310,validation,72.67129775813072,70.6389932615555,72.67129775813072
2025-04-14 23:03:33.135473,validation,72.76602462898643,70.76157736249273,72.76602462898643
2025-04-14 23:03:46.527003,validation,70.98200189453742,68.48365212438868,70.98200189453742
2025-04-14 23:04:00.050598,validation,70.066308809599,67.2900442425538,70.066308809599
2025-04-14 23:04:13.145093,validation,72.97126618250711,71.01011729815096,72.9712661825071
2025-04-14 23:04:26.210470,validation,71.48721187243449,69.13847854177678,71.48721187243447
2025-04-14 23:04:39.625980,validation,72.63972213451216,70.59982179787487,72.63972213451216
2025-04-14 23:04:52.540391,validation,72.4976318282286,70.40731332761662,72.4976318282286
2025-04-14 23:05:05.085452,validation,72.68708556994001,70.6533368413328,72.68708556994
2025-04-14 23:05:18.662684,validation,72.16608778023365,69.98234902973533,72.16608778023365
2025-04-14 23:05:31.460837,validation,72.07136090937796,69.86911496897665,72.07136090937796
2025-04-14 23:05:44.038377,validation,73.49226397221345,71.66504517900933,73.49226397221345
2025-04-14 23:05:57.205959,validation,73.42911272497632,71.58779390289041,73.42911272497632
2025-04-14 23:06:09.738043,validation,73.11335648879066,71.18528385605084,73.11335648879064
2025-04-14 23:06:22.477913,validation,73.96589832649195,72.24199363080966,73.96589832649195
2025-04-14 23:06:34.939051,validation,73.05020524155353,71.10748162134013,73.05020524155353
2025-04-14 23:06:47.900375,validation,74.29744237448689,72.64334142545185,74.2974423744869
2025-04-14 23:07:00.836813,validation,73.99747395011052,72.28030564684,73.99747395011052
2025-04-14 23:07:14.059741,validation,72.84496368803283,70.85407531870219,72.84496368803283
2025-04-14 23:07:29.517773,validation,74.69213766971897,73.12720198471413,74.69213766971897
2025-04-14 23:07:42.128182,validation,74.81844016419325,73.2785552735555,74.81844016419325
2025-04-14 23:07:54.131166,validation,75.10262077676035,73.62641903029899,75.10262077676035
2025-04-14 23:08:06.467875,validation,75.78149668455951,74.43125270337922,75.78149668455953
2025-04-14 23:08:19.576809,validation,75.65519419008525,74.28211291070417,75.65519419008525
2025-04-14 23:08:33.097256,validation,75.27628670666246,73.83306241955961,75.27628670666246
2025-04-14 23:08:45.273134,validation,74.50268392800758,72.88633686703008,74.50268392800757
2025-04-14 23:08:58.175493,validation,74.6763498579097,73.09517409292098,74.6763498579097
2025-04-14 23:09:11.463419,validation,74.31323018629618,72.65336311776117,74.31323018629618
2025-04-14 23:09:24.310206,validation,74.18692769182191,72.4960614582132,74.18692769182191
2025-04-14 23:09:36.367063,validation,74.94474265866751,73.41258132860975,74.94474265866751
2025-04-14 23:09:48.897092,validation,75.40258920113672,73.97489225493317,75.40258920113672
2025-04-14 23:10:00.955542,validation,74.56583517524471,72.96234108458029,74.56583517524471
2025-04-14 23:10:13.337177,validation,74.80265235238396,73.25103299168796,74.80265235238396
2025-04-14 23:10:25.369941,validation,73.58699084306915,71.76630171797652,73.58699084306916
2025-04-14 23:10:37.681362,validation,74.9605304704768,73.44424342647842,74.9605304704768
2025-04-14 23:10:50.139366,validation,74.78686454057468,73.2364316634638,74.78686454057467
2025-04-14 23:11:02.260445,validation,74.2027155036312,72.52887921576496,74.2027155036312
2025-04-14 23:11:14.761447,validation,74.72371329333754,73.16073011698522,74.72371329333754
2025-04-14 23:11:27.710772,validation,74.50268392800758,72.89520847398954,74.50268392800757
2025-04-14 23:11:40.378744,validation,75.2447110830439,73.78728218272069,75.2447110830439
2025-04-14 23:11:52.954387,validation,75.2447110830439,73.78728218272069,75.2447110830439
2025-04-14 23:12:05.184244,validation,75.02368171771393,73.52389788676756,75.02368171771393
2025-04-14 23:12:17.601909,validation,74.9605304704768,73.44848741374219,74.9605304704768
2025-04-14 23:12:30.008575,validation,74.80265235238396,73.25965172961011,74.80265235238396
2025-04-14 23:12:42.785388,validation,74.1079886327755,72.41425058800637,74.1079886327755
2025-04-14 23:12:55.003854,validation,74.81844016419325,73.2785552735555,74.81844016419325
2025-04-14 23:13:07.398029,validation,75.44995263656457,74.03918290806195,75.44995263656457
2025-04-14 23:13:20.343569,validation,75.78149668455951,74.43125270337922,75.78149668455953
2025-04-14 23:13:33.803975,validation,75.00789390590464,73.50082633070909,75.00789390590464
2025-04-14 23:13:47.337914,validation,75.67098200189454,74.3007701371523,75.67098200189454
2025-04-14 23:14:01.134617,validation,74.92895484685823,73.40223610902599,74.92895484685822
2025-04-14 23:14:17.541557,validation,75.37101357751816,73.94555626138994,75.37101357751816
2025-04-14 23:14:31.898965,validation,75.37101357751816,73.94555626138994,75.37101357751816
2025-04-14 23:14:46.640901,validation,74.89737922323965,73.3772680000635,74.89737922323965
2025-04-14 23:14:58.692015,validation,75.05525734133249,73.56577696259768,75.05525734133249
2025-04-14 23:15:10.951268,validation,75.90779917903379,74.5801239872402,75.90779917903379
2025-04-14 23:15:29.023153,validation,75.56046731922956,74.17008065405976,75.56046731922955
2025-04-14 23:15:42.273995,validation,75.74992106094095,74.39399300589226,75.74992106094095
2025-04-14 23:15:54.900294,validation,75.73413324913167,74.37535685424315,75.73413324913167
2025-04-14 23:16:08.092017,validation,75.74992106094095,74.39399300589226,75.74992106094095
2025-04-14 23:16:22.821217,validation,75.38680138932745,73.96429017015397,75.38680138932745
2025-04-14 23:16:39.550706,validation,75.59204294284812,74.20744169870959,75.59204294284812
2025-04-14 23:16:51.601233,validation,75.7972844963688,74.44987625701765,75.7972844963688
2025-04-14 23:17:03.225278,validation,75.73413324913167,74.37535685424315,75.73413324913167
2025-04-14 23:17:15.555115,validation,75.40258920113672,73.98301978524428,75.40258920113672
2025-04-14 23:17:27.775303,validation,75.90779917903379,74.5801239872402,75.90779917903379
2025-04-14 23:17:40.288694,validation,75.68676981370382,74.31942314081738,75.68676981370382
2025-04-14 23:17:53.985366,validation,75.26049889485317,73.81018390819287,75.26049889485319
2025-04-14 23:18:07.266912,validation,75.93937480265235,74.61730008719344,75.93937480265235
2025-04-14 23:18:20.927454,validation,76.09725292074519,74.8029318105068,76.09725292074518
2025-04-14 23:18:54.820540,validation,49.87369750552573,33.193091840294066,49.87369750552573
2025-04-14 23:19:08.443043,validation,49.87369750552573,33.193091840294066,49.87369750552573
2025-04-14 23:19:22.752073,validation,49.93684875276287,33.33322765394183,49.93684875276287
2025-04-14 23:19:36.854677,validation,50.23681717713925,33.994724875522124,50.23681717713925
2025-04-14 23:19:51.186532,validation,51.02620776760341,35.80719979382725,51.02620776760342
2025-04-14 23:20:05.129041,validation,52.1629302178718,38.182587695722965,52.1629302178718
2025-04-14 23:20:17.880446,validation,54.010104199557944,41.90470927006803,54.010104199557944
2025-04-14 23:20:30.056879,validation,56.47300284180613,46.54672277544265,56.47300284180613
2025-04-14 23:20:41.933827,validation,58.0991474581623,49.413294089489334,58.09914745816231
2025-04-14 23:20:53.677262,validation,60.198926428796966,52.9530034915662,60.19892642879697
2025-04-14 23:21:05.752007,validation,61.825071045153145,55.5438620094659,61.825071045153145
2025-04-14 23:21:18.359853,validation,61.982949163245976,55.800772716246286,61.98294916324597
2025-04-14 23:21:31.856730,validation,62.093463845910954,55.947374868940315,62.093463845910954
2025-04-14 23:21:44.732585,validation,63.86169876855068,58.65376711774979,63.86169876855068
2025-04-14 23:21:57.188427,validation,66.05620461004105,61.85929950141641,66.05620461004105
2025-04-14 23:22:09.866267,validation,65.32996526681401,60.80060194692049,65.32996526681401
2025-04-14 23:22:23.138774,validation,65.14051152510262,60.51916057204751,65.14051152510262
2025-04-14 23:22:36.054611,validation,65.0615724660562,60.40552716868175,65.0615724660562
2025-04-14 23:22:48.396222,validation,67.96652983896432,64.53515481981003,67.96652983896432
2025-04-14 23:23:00.574325,validation,66.64035364698452,62.66804904422708,66.64035364698452
2025-04-14 23:23:13.597011,validation,65.83517524471108,61.510845760858224,65.83517524471108
2025-04-14 23:23:26.572631,validation,69.08746447742342,66.0264124075209,69.08746447742344
2025-04-14 23:23:39.948415,validation,68.99273760656773,65.90097615055193,68.99273760656773
2025-04-14 23:23:53.179261,validation,68.02968108620145,64.58194583122261,68.02968108620145
2025-04-14 23:24:07.292543,validation,68.0770445216293,64.66134636092723,68.0770445216293
2025-04-14 23:24:20.745259,validation,68.61383012314494,65.38962847071676,68.61383012314494
2025-04-14 23:24:33.854506,validation,68.28228607514998,64.93032070174355,68.28228607514998
2025-04-14 23:24:46.305497,validation,69.22955478370697,66.23508287510076,69.22955478370699
2025-04-14 23:24:59.685816,validation,70.8083359646353,68.2919738412321,70.8083359646353
2025-04-14 23:25:13.630481,validation,70.38206504578466,67.73153710051481,70.38206504578466
2025-04-14 23:25:26.874402,validation,70.23997473950111,67.54788393822052,70.23997473950111
2025-04-14 23:25:39.621653,validation,71.39248500157878,69.04177896707385,71.39248500157878
2025-04-14 23:25:52.582315,validation,69.35585727818125,66.3736766857725,69.35585727818125
2025-04-14 23:26:06.040116,validation,69.13482791285128,66.07493380947396,69.13482791285128
2025-04-14 23:26:20.907211,validation,70.72939690558889,68.18468523090117,70.72939690558889
2025-04-14 23:26:34.835296,validation,70.68203347016103,68.13011203554609,70.68203347016103
2025-04-14 23:26:48.471971,validation,70.9977897063467,68.53409341683023,70.99778970634671
2025-04-14 23:27:02.437463,validation,70.6188822229239,68.04282238951504,70.6188822229239
2025-04-14 23:27:15.392313,validation,71.01357751815598,68.55423380903063,71.01357751815598
2025-04-14 23:27:28.384219,validation,69.16640353646984,66.11669415217972,69.16640353646984
2025-04-14 23:27:43.609927,validation,69.4821597726555,66.56719154766304,69.4821597726555
2025-04-14 23:27:58.710797,validation,70.08209662140827,67.35628233281237,70.08209662140827
2025-04-14 23:28:12.305725,validation,70.49257972844964,67.89291800824834,70.49257972844963
2025-04-14 23:28:24.855615,validation,70.5241553520682,67.92100411835872,70.5241553520682
2025-04-14 23:28:37.534416,validation,71.70824123776444,69.44066116105216,71.70824123776444
2025-04-14 23:28:51.279720,validation,70.93463845910956,68.45347622544153,70.93463845910956
2025-04-14 23:29:05.123896,validation,71.7556046731923,69.4946521742492,71.7556046731923
2025-04-14 23:29:17.942717,validation,71.69245342595516,69.41508172387718,71.69245342595516
2025-04-14 23:29:31.264437,validation,71.58193874329018,69.28136649877263,71.58193874329018
2025-04-14 23:29:45.475656,validation,72.98705399431638,71.04485501061276,72.98705399431638
2025-04-14 23:29:59.088388,validation,73.14493211240922,71.24420256898767,73.14493211240922
2025-04-14 23:30:12.796214,validation,73.46068834859489,71.63129299935358,73.46068834859489
2025-04-14 23:30:26.629634,validation,73.27123460688348,71.40420955532409,73.27123460688348
2025-04-14 23:30:39.722732,validation,72.4976318282286,70.43920982787974,72.4976318282286
2025-04-14 23:30:52.200156,validation,73.14493211240922,71.24420256898767,73.14493211240922
2025-04-14 23:31:06.755894,validation,72.15029996842438,69.9955190444801,72.15029996842438
2025-04-14 23:31:20.140649,validation,72.29239027470793,70.17299462628644,72.29239027470793
2025-04-14 23:31:35.332568,validation,72.05557309756868,69.87145265491944,72.05557309756868
2025-04-14 23:31:50.567336,validation,71.51878749605305,69.18425569011177,71.51878749605305
2025-04-14 23:32:03.116402,validation,72.05557309756868,69.87696794715956,72.05557309756868
2025-04-14 23:32:16.637512,validation,71.77139248500158,69.52018028913932,71.77139248500158
2025-04-14 23:32:30.358458,validation,72.2292390274708,70.09959482596291,72.2292390274708
2025-04-14 23:32:44.821048,validation,72.00820966214083,69.81762181302707,72.00820966214083
2025-04-14 23:32:57.318473,validation,71.4714240606252,69.1301083625022,71.4714240606252
2025-04-14 23:33:10.278846,validation,72.10293653299652,69.93626698281594,72.10293653299654
2025-04-14 23:33:23.997637,validation,72.15029996842438,70.00098189142436,72.15029996842438
2025-04-14 23:33:39.429253,validation,72.19766340385223,70.05472425636408,72.19766340385223
2025-04-14 23:33:52.772849,validation,72.41869276918219,70.33573902033609,72.41869276918219
2025-04-14 23:34:05.012384,validation,72.26081465108936,70.14440724276292,72.26081465108936
2025-04-14 23:34:18.283782,validation,72.60814651089359,70.57639136257006,72.60814651089359
2025-04-14 23:34:31.963800,validation,72.75023681717714,70.7524034884186,72.75023681717714
2025-04-14 23:34:46.288707,validation,72.89232712346069,70.92800898416837,72.89232712346069
2025-04-14 23:35:01.476168,validation,72.68708556994001,70.67942832342328,72.68708556994
2025-04-14 23:35:15.288747,validation,72.46605620461004,70.39996934431744,72.46605620461004
2025-04-14 23:35:28.282825,validation,72.0239974739501,69.8374090985973,72.0239974739501
2025-04-14 23:35:41.034874,validation,72.5923586990843,70.55680921756789,72.5923586990843
2025-04-14 23:35:52.974669,validation,72.84496368803283,70.8695187995255,72.84496368803283
2025-04-14 23:36:05.499624,validation,73.55541521945058,71.7470428880007,73.55541521945058
2025-04-14 23:36:17.924596,validation,72.7818124407957,70.79146195834191,72.7818124407957
2025-04-14 23:36:30.267991,validation,73.01862961793495,71.08376401056424,73.01862961793495
2025-04-14 23:36:42.842812,validation,72.38711714556362,70.30177879025062,72.38711714556362
2025-04-14 23:36:55.532771,validation,72.84496368803283,70.8695187995255,72.84496368803283
2025-04-14 23:37:08.112428,validation,72.7818124407957,70.79146195834191,72.7818124407957
2025-04-14 23:37:21.092396,validation,72.7818124407957,70.79146195834191,72.7818124407957
2025-04-14 23:37:33.696088,validation,72.32396589832649,70.21775959529192,72.32396589832649
2025-04-14 23:37:47.320819,validation,73.3501736659299,71.49603225980607,73.3501736659299
2025-04-14 23:38:00.172239,validation,72.7818124407957,70.79146195834191,72.7818124407957
2025-04-14 23:38:12.630459,validation,73.30281023050205,71.437990760811,73.30281023050206
2025-04-14 23:38:24.991671,validation,73.30281023050205,71.43305917607637,73.30281023050206
2025-04-14 23:38:37.658118,validation,73.19229554783708,71.29741090557404,73.19229554783708
2025-04-14 23:38:49.447292,validation,72.81338806441427,70.8305003835079,72.81338806441427
2025-04-14 23:39:01.728981,validation,72.92390274707925,70.96697753277152,72.92390274707925
2025-04-14 23:39:13.955654,validation,73.47647616040416,71.65059666279619,73.47647616040418
2025-04-14 23:39:26.234999,validation,73.17650773602779,71.28299929254024,73.17650773602779
2025-04-14 23:39:38.810338,validation,72.797600252605,70.81098367429281,72.797600252605
2025-04-14 23:39:52.666918,validation,73.38174928954847,71.53470235282342,73.38174928954847
2025-04-14 23:40:05.157153,validation,73.27123460688348,71.39927213784584,73.27123460688348
2025-04-14 23:40:18.174995,validation,73.01862961793495,71.08881919906031,73.01862961793495
2025-04-14 23:40:31.493058,validation,73.58699084306915,71.7855878155041,73.58699084306916
2025-04-14 23:40:45.690185,validation,73.77644458478055,72.01645691186872,73.77644458478055
2025-04-14 23:45:10.046231,validation,50.34733185980423,34.29102697087208,50.347331859804235
2025-04-14 23:45:22.144794,validation,58.0991474581623,49.52450641145097,58.09914745816231
2025-04-14 23:45:34.080708,validation,62.472371329333754,56.60004103586249,62.472371329333754
2025-04-14 23:45:46.477458,validation,71.39248500157878,69.08234417356711,71.39248500157878
2025-04-14 23:45:59.444802,validation,74.61319861067255,73.17307002039132,74.61319861067255
2025-04-14 23:46:12.042686,validation,74.17113988001263,72.58505379690622,74.17113988001263
2025-04-14 23:46:24.466649,validation,76.00252604988948,74.77069832632137,76.00252604988948
2025-04-14 23:46:36.842873,validation,80.5020524155352,79.97376422308197,80.5020524155352
2025-04-14 23:46:49.156404,validation,82.45974107988633,82.10742495685139,82.45974107988633
2025-04-14 23:47:01.689354,validation,76.5550994632144,75.40691047696315,76.55509946321439
2025-04-14 23:47:16.293058,validation,81.02305020524156,80.55199164890874,81.02305020524156
2025-04-14 23:47:30.668600,validation,82.50710451531418,82.1693050581494,82.50710451531418
2025-04-14 23:47:44.822703,validation,82.31765077360278,81.93842816604361,82.31765077360278
2025-04-14 23:47:58.216930,validation,81.60719924218503,81.16848027870427,81.60719924218503
2025-04-14 23:48:11.535742,validation,80.92832333438585,80.41672796084978,80.92832333438585
2025-04-14 23:48:25.628582,validation,80.95989895800442,80.45119671970212,80.95989895800442
2025-04-14 23:48:38.502047,validation,85.9646353015472,85.8472389366712,85.9646353015472
2025-04-14 23:48:52.121530,validation,83.69119040101042,83.42084300709546,83.69119040101042
2025-04-14 23:49:05.752462,validation,82.63340700978844,82.29647668473969,82.63340700978844
2025-04-14 23:49:19.127490,validation,83.72276602462898,83.4583380453361,83.722766024629
2025-04-14 23:49:31.715799,validation,83.72276602462898,83.46367697299424,83.722766024629
2025-04-14 23:49:45.027719,validation,84.1806125670982,83.95209069925396,84.1806125670982
2025-04-14 23:49:57.283011,validation,85.04894221660878,84.88938700330215,85.04894221660878
2025-04-14 23:50:09.948584,validation,85.39627407641301,85.24235500372016,85.39627407641302
2025-04-14 23:50:23.480763,validation,84.71739816861383,84.52411717303843,84.71739816861384
2025-04-14 23:50:38.123294,validation,86.12251341964004,86.01981362580176,86.12251341964003
2025-04-14 23:50:51.208334,validation,85.2068203347016,85.04400875191018,85.2068203347016
2025-04-14 23:51:03.829327,validation,83.81749289548469,83.56776727955102,83.81749289548469
2025-04-14 23:51:18.598419,validation,83.8964319545311,83.64207339299044,83.89643195453111
2025-04-14 23:51:32.492266,validation,83.9911588253868,83.7473141320474,83.9911588253868
2025-04-14 23:51:45.917492,validation,84.00694663719608,83.76397936471734,84.0069466371961
2025-04-14 23:51:58.484118,validation,84.559520050521,84.34827608870205,84.559520050521
2025-04-14 23:52:10.845480,validation,84.74897379223239,84.54375534733558,84.74897379223239
2025-04-14 23:52:23.758371,validation,83.78591727186613,83.51714014354988,83.78591727186611
2025-04-14 23:52:36.493223,validation,84.76476160404168,84.5715280352101,84.76476160404168
2025-04-14 23:52:49.286886,validation,85.47521313545943,85.32733992798282,85.47521313545943
2025-04-14 23:53:02.104097,validation,85.33312282917588,85.17268735176819,85.33312282917588
2025-04-14 23:53:14.789310,validation,84.07009788443322,83.83313422173212,84.07009788443321
2025-04-14 23:53:27.772200,validation,83.56488790653616,83.28137687221088,83.56488790653616
2025-04-14 23:53:40.799817,validation,84.10167350805179,83.8676759078629,84.10167350805179
2025-04-14 23:53:53.595130,validation,85.55415219450585,85.40284682292238,85.55415219450583
2025-04-14 23:54:06.487229,validation,85.94884748973793,85.82422879418384,85.94884748973793
2025-04-14 23:54:19.901585,validation,84.78054941585096,84.58363611595831,84.78054941585096
2025-04-14 23:54:33.690099,validation,84.90685191032523,84.70824301576741,84.90685191032523
2025-04-14 23:54:45.928184,validation,84.79633722766025,84.61755090391972,84.79633722766025
2025-04-14 23:54:58.207735,validation,84.30691506157247,84.0802177196192,84.30691506157247
2025-04-14 23:55:10.184443,validation,85.53836438269656,85.39851973535787,85.53836438269656
2025-04-14 23:55:22.514733,validation,84.9226397221345,84.74743336153037,84.9226397221345
2025-04-14 23:55:36.250444,validation,84.85948847489738,84.66525560999617,84.85948847489738
2025-04-14 23:55:48.657364,validation,83.92800757814967,83.67284040529303,83.92800757814966
2025-04-14 23:56:00.859076,validation,85.82254499526366,85.69935560712065,85.82254499526366
2025-04-14 23:56:13.331757,validation,85.63309125355225,85.49143391348319,85.63309125355227
2025-04-14 23:56:26.353958,validation,84.63845910956742,84.44026933993852,84.6384591095674
2025-04-14 23:56:42.212784,validation,84.74897379223239,84.53336569589078,84.74897379223239
2025-04-14 23:56:56.695769,validation,85.26997158193875,85.10884531668431,85.26997158193875
2025-04-14 23:57:09.377510,validation,85.75939374802653,85.62436413979816,85.75939374802653
2025-04-14 23:57:23.560280,validation,84.97000315756236,84.78957390373048,84.97000315756236
2025-04-14 23:57:38.079481,validation,85.17524471108304,85.00907673640245,85.17524471108304
2025-04-14 23:57:52.998438,validation,85.1278812756552,84.96569947064252,85.1278812756552
2025-04-14 23:58:06.496686,validation,85.09630565203663,84.92363303487066,85.09630565203663
2025-04-14 23:58:20.466414,validation,85.58572781812441,85.45217900453372,85.58572781812441
2025-04-14 23:58:34.497720,validation,84.68582254499526,84.48543461083638,84.68582254499526
2025-04-14 23:58:47.648055,validation,85.11209346384591,84.94318733238156,85.11209346384591
2025-04-14 23:59:00.804915,validation,85.14366908746447,84.97308252735938,85.14366908746447
2025-04-14 23:59:14.121083,validation,86.07514998421219,85.95989609233997,86.07514998421219
2025-04-14 23:59:27.183042,validation,86.18566466687717,86.09087604247716,86.18566466687717
2025-04-14 23:59:40.123602,validation,85.47521313545943,85.3310734230993,85.47521313545943
2025-04-14 23:59:52.596685,validation,85.6804546889801,85.5314105781735,85.6804546889801
2025-04-15 00:00:04.940532,validation,85.19103252289233,85.01740313177486,85.19103252289233
2025-04-15 00:00:17.390376,validation,84.85948847489738,84.66525560999617,84.85948847489738
2025-04-15 00:00:29.614403,validation,85.00157878118092,84.81513302238831,85.00157878118092
2025-04-15 00:00:41.872518,validation,85.30154720555731,85.1417513714657,85.3015472055573
2025-04-15 00:00:55.032523,validation,85.53836438269656,85.38736787495621,85.53836438269656
2025-04-15 00:01:07.819793,validation,85.66466687717083,85.52784359462866,85.66466687717083
2025-04-15 00:01:22.903233,validation,84.98579096937165,84.8092325125936,84.98579096937165
2025-04-15 00:01:36.715831,validation,85.61730344174298,85.48137461040419,85.61730344174298
2025-04-15 00:01:49.232199,validation,85.15945689927376,84.98338597231084,85.15945689927375
2025-04-15 00:02:01.588006,validation,85.50678875907799,85.36296239391862,85.50678875907799
2025-04-15 00:02:13.922357,validation,85.34891064098515,85.18913918126994,85.34891064098517
2025-04-15 00:02:26.205396,validation,85.4120618882223,85.25395517969923,85.4120618882223
2025-04-15 00:02:38.529369,validation,85.30154720555731,85.1417513714657,85.3015472055573
2025-04-15 00:02:51.026956,validation,85.6962425007894,85.55882407484917,85.69624250078938
2025-04-15 00:03:03.253475,validation,85.53836438269656,85.40303655366799,85.53836438269656
2025-04-15 00:03:15.559464,validation,85.63309125355225,85.49506612374473,85.63309125355227
2025-04-15 00:03:27.782734,validation,85.60151562993369,85.46408960165346,85.60151562993369
2025-04-15 00:03:40.019226,validation,85.60151562993369,85.47032183706746,85.60151562993369
2025-04-15 00:03:52.283998,validation,85.31733501736659,85.16015712500446,85.31733501736659
2025-04-15 00:04:04.544355,validation,85.58572781812441,85.45483013188344,85.58572781812441
2025-04-15 00:04:16.888909,validation,85.64887906536154,85.51145573223795,85.64887906536154
2025-04-15 00:04:29.009685,validation,85.60151562993369,85.46408960165346,85.60151562993369
2025-04-15 00:04:41.177667,validation,85.58572781812441,85.44037485625226,85.58572781812441
2025-04-15 00:04:53.452679,validation,85.6804546889801,85.54062760691481,85.6804546889801
2025-04-15 00:05:05.640629,validation,85.7751815598358,85.64859368791772,85.77518155983581
2025-04-15 00:05:17.990700,validation,85.7751815598358,85.64773355627607,85.77518155983581
2025-04-15 00:05:30.130484,validation,85.6804546889801,85.54153266520852,85.6804546889801
2025-04-15 00:05:42.304412,validation,85.79096937164509,85.6588839499608,85.79096937164509
2025-04-15 00:05:54.611057,validation,85.74360593621724,85.61327092874762,85.74360593621724
2025-04-15 00:06:06.787865,validation,85.71203031259867,85.58227959403561,85.71203031259867
2025-04-15 00:06:19.195476,validation,85.85412061888222,85.73036063125083,85.85412061888222
2025-04-15 00:06:31.631890,validation,85.88569624250079,85.76722657307884,85.88569624250079
2025-04-15 00:07:02.902211,validation,49.87369750552573,33.193091840294066,49.87369750552573
2025-04-15 00:07:15.119506,validation,49.87369750552573,33.193091840294066,49.87369750552573
2025-04-15 00:07:26.997405,validation,49.87369750552573,33.193091840294066,49.87369750552573
2025-04-15 00:07:38.977600,validation,49.9052731291443,33.263197978102056,49.9052731291443
2025-04-15 00:07:51.019625,validation,50.06315124723713,33.6125847649786,50.06315124723714
2025-04-15 00:08:02.972453,validation,50.252604988948534,34.029352182188546,50.252604988948534
2025-04-15 00:08:15.075835,validation,50.82096621408273,35.289949976912794,50.82096621408273
2025-04-15 00:08:27.146200,validation,51.31038838017051,36.358618838153134,51.310388380170515
2025-04-15 00:08:39.208214,validation,52.49447426586675,38.859007778505024,52.49447426586676
2025-04-15 00:08:51.372012,validation,54.467950742027156,42.783326611266084,54.46795074202716
2025-04-15 00:09:03.391500,validation,55.999368487527626,45.654738827422854,55.999368487527626
2025-04-15 00:09:15.576446,validation,56.34670034733186,46.30182131474723,56.346700347331854
2025-04-15 00:09:27.611231,validation,56.33091253552258,46.25532934281005,56.33091253552258
2025-04-15 00:09:40.430148,validation,55.95200505209978,45.549925807169174,55.95200505209977
2025-04-15 00:09:52.338370,validation,57.751815598358064,48.76638918206922,57.75181559835807
2025-04-15 00:10:04.032678,validation,58.74644774234291,50.49716465916016,58.74644774234291
2025-04-15 00:10:15.814502,validation,58.16229870539943,49.4735842935673,58.16229870539943
2025-04-15 00:10:27.320840,validation,58.193874329018,49.54357520274056,58.193874329018
2025-04-15 00:10:38.920702,validation,60.577833912219766,53.53632983120568,60.577833912219766
2025-04-15 00:10:50.583411,validation,60.38838017050837,53.24522827673724,60.38838017050837
2025-04-15 00:11:02.158393,validation,59.29902115566782,51.39167192414279,59.299021155667816
2025-04-15 00:11:13.823346,validation,61.31986106725608,54.71601488802712,61.31986106725608
2025-04-15 00:11:25.388452,validation,62.28291758762236,56.23927309087012,62.28291758762236
2025-04-15 00:11:36.965511,validation,63.26176191979792,57.73787383769228,63.26176191979792
2025-04-15 00:11:48.885005,validation,62.39343227028734,56.40893927079805,62.39343227028734
2025-04-15 00:12:00.646168,validation,61.71455636248816,55.34718153854675,61.71455636248816
2025-04-15 00:12:12.173620,validation,62.21976634038522,56.142120382687445,62.21976634038522
2025-04-15 00:12:23.881701,validation,62.17240290495737,56.06915971961014,62.172402904957366
2025-04-15 00:12:35.511941,validation,63.40385222608146,57.95088329333332,63.40385222608147
2025-04-15 00:12:47.152911,validation,63.5617303441743,58.175884786974876,63.56173034417429
2025-04-15 00:12:58.754567,validation,63.656457215029995,58.32785606090953,63.656457215029995
2025-04-15 00:13:10.282668,validation,63.593305967792865,58.233816915849346,63.593305967792865
2025-04-15 00:13:21.942607,validation,62.88285443637512,57.155012002656015,62.88285443637511
2025-04-15 00:13:33.583782,validation,63.62488159141143,58.28085342385171,63.62488159141143
2025-04-15 00:13:45.344176,validation,65.3457530786233,60.81369981514636,65.3457530786233
2025-04-15 00:13:56.906972,validation,64.74581622987054,59.949032977945414,64.74581622987054
2025-04-15 00:14:08.585237,validation,66.04041679823176,61.80104500097521,66.04041679823176
2025-04-15 00:14:20.249053,validation,65.58257025576255,61.15193907293549,65.58257025576255
2025-04-15 00:14:31.822512,validation,66.70350489422167,62.73872003515141,66.70350489422167
2025-04-15 00:14:43.332128,validation,65.85096305652037,61.53321351894064,65.85096305652036
2025-04-15 00:14:54.927243,validation,65.66150931480897,61.26430489188968,65.66150931480897
2025-04-15 00:15:06.503461,validation,65.51941900852542,61.05251573639548,65.51941900852542
2025-04-15 00:15:18.354589,validation,65.440479949479,60.949201867732896,65.440479949479
2025-04-15 00:15:30.048985,validation,66.26144616356173,62.1121684058071,66.26144616356173
2025-04-15 00:15:41.561317,validation,67.77707609725292,64.23156703400076,67.77707609725292
2025-04-15 00:15:53.176548,validation,66.86138301231449,62.95795565539793,66.86138301231449
2025-04-15 00:16:04.719778,validation,67.30344174297443,63.56807308904664,67.30344174297443
2025-04-15 00:16:16.404693,validation,67.47710767287654,63.814362730314265,67.47710767287654
2025-04-15 00:16:30.614516,validation,66.97189769497948,63.11940430487106,66.97189769497948
2025-04-15 00:16:42.541839,validation,68.58225449952637,65.31788396493782,68.58225449952636
2025-04-15 00:16:54.226768,validation,69.00852541837702,65.90050114246768,69.008525418377
2025-04-15 00:17:05.798882,validation,68.80328386485633,65.62041555994568,68.80328386485634
2025-04-15 00:17:17.549630,validation,68.75592042942849,65.55727952954359,68.75592042942849
2025-04-15 00:17:29.270543,validation,67.71392485001579,64.14563754977695,67.71392485001579
2025-04-15 00:17:41.001334,validation,67.20871487211872,63.44604903354452,67.20871487211872
2025-04-15 00:17:52.612472,validation,67.85601515629934,64.33882797779961,67.85601515629934
2025-04-15 00:18:04.243291,validation,67.46131986106725,63.800838737583845,67.46131986106725
2025-04-15 00:18:16.130435,validation,67.58762235554153,63.97345506314148,67.58762235554153
2025-04-15 00:18:27.853123,validation,68.23492263972213,64.85136837185357,68.23492263972214
2025-04-15 00:18:39.473681,validation,68.96116198294916,65.83045801928496,68.96116198294916
2025-04-15 00:18:50.975364,validation,68.50331544047995,65.21213270396035,68.50331544047995
2025-04-15 00:19:02.533520,validation,67.54025892011367,63.900736904525544,67.54025892011367
2025-04-15 00:19:14.420601,validation,67.11398800126302,63.31557935723653,67.11398800126302
2025-04-15 00:19:25.936408,validation,67.44553204925798,63.77113469534309,67.44553204925798
2025-04-15 00:19:37.448591,validation,67.7928639090622,64.24514851699146,67.7928639090622
2025-04-15 00:19:49.023905,validation,67.71392485001579,64.13770558604823,67.71392485001579
2025-04-15 00:20:00.608576,validation,67.55604673192296,63.92231342067254,67.55604673192296
2025-04-15 00:20:12.384786,validation,67.77707609725292,64.22367337808808,67.77707609725292
2025-04-15 00:20:24.075632,validation,67.65077360277866,64.05162993763196,67.65077360277866
2025-04-15 00:20:35.674975,validation,67.7928639090622,64.24514851699146,67.7928639090622
2025-04-15 00:20:47.398341,validation,67.82443953268077,64.2880786643337,67.82443953268077
2025-04-15 00:20:58.936790,validation,67.82443953268077,64.2880786643337,67.82443953268077
2025-04-15 00:21:10.652070,validation,68.32964951057784,64.97134709152857,68.32964951057784
2025-04-15 00:21:22.563437,validation,67.69813703820651,64.1161967999815,67.69813703820651
2025-04-15 00:21:34.186352,validation,67.42974423744869,63.749510420334055,67.42974423744869
2025-04-15 00:21:46.157339,validation,67.80865172087148,64.26661694381556,67.80865172087148
2025-04-15 00:21:58.002755,validation,67.91916640353647,64.41670847772428,67.91916640353647
2025-04-15 00:22:09.880974,validation,68.44016419324282,65.11991586153378,68.44016419324281
2025-04-15 00:22:21.824680,validation,68.20334701610356,64.80116299253582,68.20334701610356
2025-04-15 00:22:33.775332,validation,68.26649826334071,64.88630736949585,68.26649826334071
2025-04-15 00:22:45.658421,validation,67.99810546258288,64.52371662025634,67.99810546258288
2025-04-15 00:22:57.688690,validation,68.29807388695927,64.92884028984616,68.29807388695926
2025-04-15 00:23:09.608037,validation,68.26649826334071,64.88630736949585,68.26649826334071
2025-04-15 00:23:21.548943,validation,68.20334701610356,64.80116299253582,68.20334701610356
2025-04-15 00:23:33.248765,validation,67.99810546258288,64.52371662025634,67.99810546258288
2025-04-15 00:23:44.993029,validation,68.86643511209347,65.69000986043163,68.86643511209346
2025-04-15 00:23:56.782103,validation,68.21913482791285,64.82245891791086,68.21913482791285
2025-04-15 00:24:08.494965,validation,68.81907167666562,65.62689594282396,68.81907167666562
2025-04-15 00:24:22.394758,validation,68.77170824123776,65.56372490698075,68.77170824123776
2025-04-15 00:24:34.448328,validation,68.72434480580992,65.50049660482267,68.7243448058099
2025-04-15 00:24:48.530619,validation,68.66119355857278,65.4161028644006,68.66119355857279
2025-04-15 00:25:01.018303,validation,68.59804231133565,65.33160670042015,68.59804231133565
2025-04-15 00:25:14.734886,validation,68.67698137038207,65.4372108879122,68.67698137038207
2025-04-15 00:25:28.089694,validation,68.85064730028418,65.66897822524035,68.85064730028418
2025-04-15 00:25:40.552282,validation,68.26649826334071,64.88630736949585,68.26649826334071
2025-04-15 00:25:52.140142,validation,68.69276918219134,65.45831251547686,68.69276918219136
2025-04-15 00:26:04.044191,validation,68.88222292390275,65.71103516556883,68.88222292390275
2025-04-15 00:26:16.043787,validation,68.6454057467635,65.39498843942219,68.6454057467635
2025-04-15 00:26:27.760223,validation,69.05588885380486,65.94189729763364,69.05588885380486
2025-04-15 00:26:39.616791,validation,69.22955478370697,66.17905165967507,69.22955478370699
2025-04-15 00:27:10.936962,validation,49.87369750552573,33.193091840294066,49.87369750552573
2025-04-15 00:27:22.493095,validation,49.87369750552573,33.193091840294066,49.87369750552573
2025-04-15 00:27:33.761956,validation,49.87369750552573,33.193091840294066,49.87369750552573
2025-04-15 00:27:45.220182,validation,49.95263656457215,33.36821386602855,49.95263656457215
2025-04-15 00:27:56.782503,validation,50.01578781180928,33.5079683167033,50.01578781180929
2025-04-15 00:28:08.162667,validation,50.20524155352068,33.925414077560504,50.205241553520686
2025-04-15 00:28:19.768303,validation,50.552573413324914,34.71054150004949,50.55257341332491
2025-04-15 00:28:31.197292,validation,51.12093463845911,35.931363817436875,51.12093463845911
2025-04-15 00:28:42.673407,validation,52.241869276918216,38.296553559294104,52.241869276918216
2025-04-15 00:28:54.044834,validation,53.347016103568045,40.56592272769045,53.347016103568045
2025-04-15 00:29:05.556560,validation,55.43100726239343,44.57321282920966,55.43100726239343
2025-04-15 00:29:17.080200,validation,56.33091253552258,46.237250206736796,56.33091253552258
2025-04-15 00:29:28.534895,validation,56.63088095989896,46.79383281721487,56.63088095989895
2025-04-15 00:29:40.018664,validation,56.64666877170824,46.82204806654705,56.64666877170824
2025-04-15 00:29:51.542486,validation,59.07799179033786,51.05318506780028,59.07799179033786
2025-04-15 00:30:02.895613,validation,59.93053362803916,52.475057529473446,59.93053362803915
2025-04-15 00:30:14.475439,validation,59.77265550994632,52.245294050537424,59.772655509946325
2025-04-15 00:30:25.819292,validation,59.85159456899274,52.37437194653053,59.85159456899274
2025-04-15 00:30:37.267231,validation,61.967161351436694,55.81269047653641,61.967161351436694
2025-04-15 00:30:49.014967,validation,61.77770760972529,55.48255695309027,61.7777076097253
2025-04-15 00:31:00.453508,validation,61.098831701926116,54.40572219218506,61.098831701926116
2025-04-15 00:31:11.825292,validation,63.214398484370065,57.711100514646965,63.21439848437007
2025-04-15 00:31:23.446147,validation,63.71960846226713,58.47523142508268,63.71960846226713
2025-04-15 00:31:34.922868,validation,63.893274392169246,58.71103081042634,63.89327439216924
2025-04-15 00:31:46.997643,validation,62.72497631828229,56.926811493934025,62.72497631828229
2025-04-15 00:31:58.474656,validation,63.451215661509316,58.032664681129006,63.451215661509316
2025-04-15 00:32:09.797259,validation,64.16166719292706,59.106459089286325,64.16166719292707
2025-04-15 00:32:21.170462,validation,64.96684559520051,60.28843457879379,64.96684559520051
2025-04-15 00:32:32.590940,validation,65.67729712661826,61.31453217828814,65.67729712661826
2025-04-15 00:32:43.957960,validation,66.73508051784023,62.83377875443207,66.73508051784023
2025-04-15 00:32:55.300798,validation,66.84559520050522,62.995207187284784,66.84559520050522
2025-04-15 00:33:06.625531,validation,67.0350489422166,63.25660073167031,67.03504894221662
2025-04-15 00:33:18.154605,validation,66.4824755288917,62.47406745879205,66.4824755288917
2025-04-15 00:33:29.585271,validation,67.01926113040733,63.20991131889922,67.01926113040733
2025-04-15 00:33:40.978023,validation,68.61383012314494,65.41894601140883,68.61383012314494
2025-04-15 00:33:52.444409,validation,68.21913482791285,64.87563313119935,68.21913482791285
2025-04-15 00:34:03.926203,validation,68.94537417113987,65.86669810907175,68.94537417113989
2025-04-15 00:34:15.361729,validation,68.9295863593306,65.84578693597261,68.9295863593306
2025-04-15 00:34:26.831819,validation,70.08209662140827,67.36925321335954,70.08209662140827
2025-04-15 00:34:38.315376,validation,69.34006946637196,66.38746940905746,69.34006946637196
2025-04-15 00:34:49.808097,validation,69.92421850331544,67.15782456263486,69.92421850331544
2025-04-15 00:35:01.203888,validation,70.55573097568677,67.98037075572122,70.55573097568677
2025-04-15 00:35:12.676653,validation,70.98200189453742,68.53801966170965,70.98200189453742
2025-04-15 00:35:24.325051,validation,70.58730659930534,68.02713986118599,70.58730659930534
2025-04-15 00:35:35.702761,validation,71.45563624881592,69.16208040216961,71.4556362488159
2025-04-15 00:35:47.147057,validation,71.25039469529523,68.89093930720337,71.25039469529523
2025-04-15 00:35:58.592911,validation,71.77139248500158,69.57063202797812,71.77139248500158
2025-04-15 00:36:10.106612,validation,72.16608778023365,70.08552782501253,72.16608778023365
2025-04-15 00:36:21.674446,validation,71.86611935585728,69.71137424753097,71.86611935585728
2025-04-15 00:36:33.145691,validation,73.41332491316703,71.65995237439746,73.41332491316703
2025-04-15 00:36:44.631605,validation,74.06062519734765,72.44771599055983,74.06062519734765
2025-04-15 00:36:56.270145,validation,75.08683296495106,73.69382875214711,75.08683296495106
2025-04-15 00:37:07.917355,validation,75.21313545942532,73.84717867625629,75.21313545942533
2025-04-15 00:37:19.577895,validation,74.12377644458478,72.5458229988984,74.12377644458478
2025-04-15 00:37:31.009956,validation,74.61319861067255,73.1312671587815,74.61319861067255
2025-04-15 00:37:42.495221,validation,75.62361856646669,74.3344401108271,75.62361856646669
2025-04-15 00:37:53.968716,validation,75.11840858856962,73.73922714509727,75.11840858856964
2025-04-15 00:38:06.553567,validation,75.26049889485317,73.90706300096616,75.26049889485319
2025-04-15 00:38:18.209433,validation,75.54467950742027,74.24556644703293,75.54467950742027
2025-04-15 00:38:29.647184,validation,76.60246289864224,75.48621753436993,76.60246289864224
2025-04-15 00:38:41.144095,validation,76.57088727502368,75.453135506751,76.57088727502368
2025-04-15 00:38:52.560129,validation,76.58667508683297,75.47140654857174,76.58667508683297
2025-04-15 00:39:04.149010,validation,76.23934322702874,75.06854662189322,76.23934322702873
2025-04-15 00:39:15.631561,validation,76.41300915693085,75.2737271876931,76.41300915693084
2025-04-15 00:39:27.038071,validation,77.32870224186928,76.33866018293729,77.32870224186928
2025-04-15 00:39:38.592620,validation,77.62867066624565,76.67826559957732,77.62867066624565
2025-04-15 00:39:50.017500,validation,76.85506788759078,75.78479233119373,76.85506788759078
2025-04-15 00:40:01.771784,validation,77.70760972529207,76.77439271685135,77.70760972529207
2025-04-15 00:40:13.459189,validation,77.202399747395,76.1842562860016,77.202399747395
2025-04-15 00:40:24.864293,validation,77.92863909062204,77.0227626502867,77.92863909062204
2025-04-15 00:40:36.316682,validation,78.14966845595201,77.27350503042312,78.14966845595201
2025-04-15 00:40:47.826981,validation,78.29175876223556,77.4372190279358,78.29175876223556
2025-04-15 00:40:59.404724,validation,78.5285759393748,77.70457844890475,78.5285759393748
2025-04-15 00:41:10.857660,validation,78.14966845595201,77.27057269140313,78.14966845595201
2025-04-15 00:41:22.283273,validation,78.10230502052416,77.21688538707403,78.10230502052416
2025-04-15 00:41:33.761580,validation,78.48121250394695,77.6511680450179,78.48121250394695
2025-04-15 00:41:45.608754,validation,78.43384906851911,77.59772699309481,78.4338490685191
2025-04-15 00:41:57.075292,validation,79.3811177770761,78.67103370679499,79.3811177770761
2025-04-15 00:42:08.541987,validation,78.74960530470477,77.95616552832439,78.74960530470477
2025-04-15 00:42:20.033676,validation,79.03378591727187,78.27506454405163,79.03378591727187
2025-04-15 00:42:31.514591,validation,78.87590779917903,78.09803097532189,78.87590779917903
2025-04-15 00:42:43.083898,validation,79.25481528260183,78.53011423660715,79.25481528260183
2025-04-15 00:42:54.513081,validation,79.39690558888537,78.69116847814695,79.39690558888537
2025-04-15 00:43:06.005547,validation,79.03378591727187,78.27771747951203,79.03378591727187
2025-04-15 00:43:17.596328,validation,79.16008841174613,78.42168298358814,79.16008841174613
2025-04-15 00:43:29.024159,validation,79.77581307230818,79.11736921026275,79.77581307230818
2025-04-15 00:43:40.450466,validation,79.11272497631828,78.3687132871222,79.11272497631828
2025-04-15 00:43:51.858743,validation,79.64951057783391,78.97473339760556,79.64951057783392
2025-04-15 00:44:03.216502,validation,79.49163245974108,78.79667812813832,79.49163245974108
2025-04-15 00:44:14.993058,validation,79.41269340069466,78.7062315531264,79.41269340069466
2025-04-15 00:44:26.398397,validation,79.36532996526681,78.65342999196974,79.36532996526682
2025-04-15 00:44:37.841274,validation,79.22323965898326,78.49485221599592,79.22323965898327
2025-04-15 00:44:49.472047,validation,79.58635933059678,78.90207373307632,79.58635933059678
2025-04-15 00:45:01.050915,validation,79.68108620145247,79.0122515704732,79.68108620145247
2025-04-15 00:45:12.704150,validation,79.25481528260183,78.53011423660715,79.25481528260183
2025-04-15 00:45:24.777019,validation,79.79160088411746,79.13487794766661,79.79160088411746
2025-04-15 00:45:36.757148,validation,79.68108620145247,79.0122515704732,79.68108620145247
2025-04-15 00:45:48.767592,validation,79.71266182507105,79.04486656414767,79.71266182507104
2025-04-15 00:46:00.705200,validation,79.71266182507105,79.04730322731824,79.71266182507104
2025-04-15 00:46:12.706253,validation,80.02841806125672,79.39713919418493,80.02841806125672
2025-04-15 00:46:43.741632,validation,49.87369750552573,33.193091840294066,49.87369750552573
2025-04-15 00:46:55.897382,validation,49.87369750552573,33.193091840294066,49.87369750552573
2025-04-15 00:47:07.770121,validation,49.87369750552573,33.193091840294066,49.87369750552573
2025-04-15 00:47:19.645489,validation,49.93684875276287,33.33322765394183,49.93684875276287
2025-04-15 00:47:31.940156,validation,50.04736343542785,33.57773156743135,50.04736343542785
2025-04-15 00:47:43.795164,validation,50.15787811809283,33.82130714112262,50.15787811809284
2025-04-15 00:47:55.813194,validation,50.63151247237133,34.854838647802055,50.631512472371334
2025-04-15 00:48:07.563514,validation,51.12093463845911,35.931363817436875,51.12093463845911
2025-04-15 00:48:19.818849,validation,52.19450584149037,38.2473202500669,52.19450584149037
2025-04-15 00:48:31.264103,validation,53.45753078623303,40.783855862166384,53.45753078623303
2025-04-15 00:48:43.492066,validation,55.415219450584146,44.543949566252394,55.41521945058415
2025-04-15 00:48:55.429468,validation,55.47837069782128,44.66092117021431,55.478370697821276
2025-04-15 00:49:07.510264,validation,55.43100726239343,44.57321282920966,55.43100726239343
2025-04-15 00:49:19.562314,validation,55.3678560151563,44.45607815451113,55.367856015156306
2025-04-15 00:49:31.628135,validation,57.4360593621724,48.20017054166337,57.4360593621724
2025-04-15 00:49:43.391542,validation,58.02020839911588,49.24578774905361,58.02020839911588
2025-04-15 00:49:55.324778,validation,57.83075465740448,48.88666674955061,57.83075465740448
2025-04-15 00:50:07.368320,validation,57.59393748026523,48.475665800780746,57.59393748026523
2025-04-15 00:50:19.585089,validation,59.835806757183455,52.32026219174537,59.83580675718345
2025-04-15 00:50:31.721448,validation,59.26744553204926,51.339168777233425,59.26744553204926
2025-04-15 00:50:43.794663,validation,59.18850647300284,51.19282641907963,59.188506473002846
2025-04-15 00:50:56.048624,validation,60.59362172402905,53.521267839908646,60.59362172402905
2025-04-15 00:51:08.269677,validation,61.367224502683925,54.77784113925529,61.367224502683925
2025-04-15 00:51:20.406964,validation,61.87243448058099,55.58060574746907,61.87243448058099
2025-04-15 00:51:33.059507,validation,60.23050205241554,52.93514192956159,60.23050205241554
2025-04-15 00:51:45.218944,validation,60.925165772023995,54.05176272989192,60.925165772023995
2025-04-15 00:51:57.200894,validation,61.225134196400376,54.52796845455359,61.225134196400376
2025-04-15 00:52:09.324885,validation,62.125039469529526,55.95992711827484,62.12503946952952
2025-04-15 00:52:21.990497,validation,62.914430059993684,57.1686295045052,62.914430059993684
2025-04-15 00:52:34.191949,validation,63.48279128512788,58.0470596195705,63.48279128512788
2025-04-15 00:52:46.405991,validation,62.74076413009157,56.91621257038039,62.74076413009156
2025-04-15 00:52:58.429555,validation,63.24597410798863,57.680786524807495,63.24597410798864
2025-04-15 00:53:10.733248,validation,62.488159141143036,56.506949938932074,62.48815914114304
2025-04-15 00:53:23.132960,validation,63.53015472055573,58.09600535271785,63.53015472055573
2025-04-15 00:53:35.241849,validation,64.7931796652984,59.977991763191916,64.7931796652984
2025-04-15 00:53:47.372932,validation,64.11430375749921,58.97426565939058,64.11430375749921
2025-04-15 00:53:59.157709,validation,65.17208714872119,60.53560686434436,65.17208714872119
2025-04-15 00:54:11.267366,validation,64.54057467634986,59.61015717541529,64.54057467634986
2025-04-15 00:54:23.371851,validation,65.53520682033471,61.05623923127498,65.53520682033471
2025-04-15 00:54:35.231998,validation,64.25639406378276,59.17313511313614,64.25639406378276
2025-04-15 00:54:46.997416,validation,64.57215029996843,59.635983180646605,64.57215029996843
2025-04-15 00:54:58.854681,validation,64.90369434796337,60.11849446786199,64.90369434796337
2025-04-15 00:55:10.719928,validation,64.80896747710767,59.971013465047626,64.80896747710767
2025-04-15 00:55:22.950558,validation,65.1562993369119,60.49348543497432,65.1562993369119
2025-04-15 00:55:34.882302,validation,66.68771708241238,62.690923293387016,66.68771708241238
2025-04-15 00:55:47.071001,validation,66.4824755288917,62.395585584485126,66.4824755288917
2025-04-15 00:55:58.933152,validation,66.65614145879381,62.65555923963666,66.65614145879381
2025-04-15 00:56:10.781714,validation,67.22450268392801,63.45952421551876,67.22450268392801
2025-04-15 00:56:22.979346,validation,67.27186611935586,63.51644662808753,67.27186611935586
2025-04-15 00:56:34.883158,validation,68.37701294600568,65.03505841990658,68.37701294600569
2025-04-15 00:56:47.087476,validation,69.05588885380486,65.94189729763364,69.05588885380486
2025-04-15 00:56:58.919110,validation,69.32428165456268,66.31118091286,69.32428165456268
2025-04-15 00:57:11.449663,validation,69.54531101989264,66.60905186378929,69.54531101989264
2025-04-15 00:57:23.709346,validation,68.91379854752131,65.75306680752631,68.91379854752131
2025-04-15 00:57:35.738098,validation,68.80328386485633,65.59854419423355,68.80328386485634
2025-04-15 00:57:47.672269,validation,69.2137669718977,66.15817303107045,69.2137669718977
2025-04-15 00:57:59.549718,validation,68.28228607514998,64.89997388433589,68.28228607514998
2025-04-15 00:58:11.485861,validation,68.50331544047995,65.20466963561621,68.50331544047995
2025-04-15 00:58:23.434161,validation,68.77170824123776,65.57833121755662,68.77170824123776
2025-04-15 00:58:35.255877,validation,69.75055257341333,66.89827552395033,69.75055257341333
2025-04-15 00:58:47.286454,validation,69.43479633722767,66.47755697529522,69.43479633722765
2025-04-15 00:58:59.076622,validation,68.91379854752131,65.76751147897949,68.91379854752131
2025-04-15 00:59:11.122809,validation,68.42437638143353,65.09871123392482,68.42437638143353
2025-04-15 00:59:23.130895,validation,68.55067887590779,65.26072071738896,68.5506788759078
2025-04-15 00:59:34.999895,validation,69.40322071360909,66.43602318548541,69.40322071360909
2025-04-15 00:59:46.850476,validation,69.43479633722767,66.47066093245601,69.43479633722765
2025-04-15 00:59:58.650,validation,68.97694979475844,65.85142763021064,68.97694979475844
2025-04-15 01:00:10.688011,validation,69.64003789074835,66.74014968761306,69.64003789074835
2025-04-15 01:00:22.695022,validation,69.11904010104199,66.03987237804458,69.11904010104199
2025-04-15 01:00:34.542031,validation,69.34006946637196,66.34593426309749,69.34006946637196
2025-04-15 01:00:46.422972,validation,69.68740132617619,66.8224406980855,69.68740132617619
2025-04-15 01:00:58.549594,validation,69.94000631512472,67.15862177356978,69.94000631512472
2025-04-15 01:01:10.607892,validation,70.23997473950111,67.5607287966833,70.23997473950111
2025-04-15 01:01:22.772081,validation,69.56109883170193,66.64344870206344,69.56109883170193
2025-04-15 01:01:34.721430,validation,69.15061572466057,66.08875389882647,69.15061572466055
2025-04-15 01:01:47.080087,validation,69.79791600884117,66.98015222344104,69.79791600884117
2025-04-15 01:01:58.927899,validation,69.73476476160404,66.89775165628042,69.73476476160404
2025-04-15 01:02:11.052627,validation,70.28733817492895,67.62194950749316,70.28733817492896
2025-04-15 01:02:23.123100,validation,69.97158193874328,67.20626430188071,69.97158193874328
2025-04-15 01:02:35.047771,validation,70.17682349226398,67.47902003145812,70.17682349226398
2025-04-15 01:02:46.950639,validation,69.98736975055257,67.22678451105978,69.98736975055257
2025-04-15 01:02:58.986969,validation,70.20839911588254,67.5134519848393,70.20839911588254
2025-04-15 01:03:10.876578,validation,70.47679191664035,67.86001793533522,70.47679191664035
2025-04-15 01:03:22.884981,validation,70.25576255131038,67.57473203838201,70.25576255131038
2025-04-15 01:03:34.716557,validation,70.03473318598043,67.2883098577655,70.03473318598043
2025-04-15 01:03:46.654612,validation,70.87148721187243,68.37885652578576,70.87148721187243
2025-04-15 01:03:58.630685,validation,70.35048942216609,67.6971357541401,70.35048942216608
2025-04-15 01:04:10.677564,validation,70.95042627091885,68.4796862566407,70.95042627091885
2025-04-15 01:04:22.719574,validation,70.79254815282601,68.27788706752942,70.79254815282601
2025-04-15 01:04:34.608172,validation,70.68203347016103,68.13011203554609,70.68203347016103
2025-04-15 01:04:46.407996,validation,70.72939690558889,68.19701048659672,70.72939690558889
2025-04-15 01:04:58.362956,validation,70.72939690558889,68.19701048659672,70.72939690558889
2025-04-15 01:05:10.191201,validation,70.91885064730029,68.4393710925708,70.91885064730027
2025-04-15 01:05:22.156673,validation,70.9977897063467,68.54011727936692,70.99778970634671
2025-04-15 01:05:34.134080,validation,70.55573097568677,67.96163300448535,70.55573097568677
2025-04-15 01:05:46.030634,validation,70.96621408272813,68.49983548914035,70.96621408272813
2025-04-15 01:05:58.001236,validation,70.88727502368172,68.39903363063345,70.88727502368172
2025-04-15 01:06:09.971123,validation,70.96621408272813,68.49983548914035,70.96621408272813
2025-04-15 01:06:22.146466,validation,71.06094095358384,68.62659784745567,71.06094095358382
2025-04-15 01:06:33.999891,validation,71.23460688348595,68.85331337731834,71.23460688348595
2025-04-15 01:07:04.138521,validation,49.87369750552573,33.193091840294066,49.87369750552573
2025-04-15 01:07:15.902421,validation,49.87369750552573,33.193091840294066,49.87369750552573
2025-04-15 01:07:27.543931,validation,49.87369750552573,33.193091840294066,49.87369750552573
2025-04-15 01:07:39.294144,validation,49.889485317335016,33.22815447643682,49.88948531733502
2025-04-15 01:07:51.168757,validation,49.93684875276287,33.33322765394183,49.93684875276287
2025-04-15 01:08:02.836741,validation,50.06315124723713,33.6125847649786,50.06315124723714
2025-04-15 01:08:14.997868,validation,50.22102936532997,33.96007884681459,50.22102936532996
2025-04-15 01:08:26.961797,validation,50.36311967161352,34.27122066139348,50.36311967161351
2025-04-15 01:08:38.644045,validation,51.01041995579413,35.74768956804743,51.01041995579413
2025-04-15 01:08:50.543184,validation,52.399747395011055,38.66647982976988,52.399747395011055
2025-04-15 01:09:02.208444,validation,52.9207451847174,39.71821786475671,52.9207451847174
2025-04-15 01:09:14.241304,validation,53.63119671613514,41.14652863240857,53.63119671613514
2025-04-15 01:09:26.022020,validation,53.55225765708873,41.01369224327321,53.55225765708873
2025-04-15 01:09:37.718049,validation,53.2996526681402,40.494494398743356,53.2996526681402
2025-04-15 01:09:49.553402,validation,55.09946321439848,43.99511064986152,55.09946321439848
2025-04-15 01:10:01.281464,validation,55.194190085254185,44.191364313937,55.19419008525418
2025-04-15 01:10:13.258630,validation,55.22576570887275,44.26955183606092,55.22576570887276
2025-04-15 01:10:25.025662,validation,54.13640669403221,42.14831071365696,54.1364066940322
2025-04-15 01:10:36.635459,validation,56.10988317019261,45.91046732437428,56.10988317019261
2025-04-15 01:10:48.370027,validation,55.6520366277234,45.019348787573534,55.6520366277234
2025-04-15 01:11:00.147802,validation,56.220397852857595,46.092119221376656,56.220397852857595
2025-04-15 01:11:12.939532,validation,57.751815598358064,48.83186329067463,57.75181559835807
2025-04-15 01:11:24.842643,validation,58.32017682349226,49.86912892620711,58.32017682349226
2025-04-15 01:11:36.823339,validation,57.86233028102305,49.0225535062468,57.862330281023056
2025-04-15 01:11:49.251999,validation,58.47805494158509,50.136542324990806,58.4780549415851
2025-04-15 01:12:01.065727,validation,59.251657720239976,51.44544480198686,59.25165772023997
2025-04-15 01:12:13.187747,validation,59.94632143984844,52.62665948459917,59.94632143984844
2025-04-15 01:12:25.021462,validation,60.656772971266186,53.782507486613554,60.65677297126618
2025-04-15 01:12:36.959844,validation,60.656772971266186,53.76928794929169,60.65677297126618
2025-04-15 01:12:48.822946,validation,62.66182507104515,56.94565456730138,62.66182507104515
2025-04-15 01:13:00.710549,validation,62.29870539943164,56.33458937628162,62.29870539943164
2025-04-15 01:13:12.420856,validation,62.125039469529526,56.07997282463489,62.12503946952952
2025-04-15 01:13:24.259308,validation,62.75655194190085,57.02065880688064,62.75655194190085
2025-04-15 01:13:36.194560,validation,63.4670034733186,58.13226829311711,63.4670034733186
2025-04-15 01:13:48.058386,validation,66.13514366908747,62.07643725689847,66.13514366908746
2025-04-15 01:13:59.864633,validation,66.24565835175245,62.195826540882194,66.24565835175244
2025-04-15 01:14:12.502655,validation,67.57183454373224,64.05509967242332,67.57183454373224
2025-04-15 01:14:25.272177,validation,67.24029049573728,63.595476876811276,67.24029049573728
2025-04-15 01:14:37.229176,validation,68.91379854752131,65.85329745075099,68.91379854752131
2025-04-15 01:14:49.460053,validation,68.69276918219134,65.56029426469404,68.69276918219136
2025-04-15 01:15:01.614843,validation,68.89801073571203,65.83240912430807,68.89801073571203
2025-04-15 01:15:13.747322,validation,69.60846226712978,66.77302301626973,69.60846226712978
2025-04-15 01:15:25.784185,validation,71.26618250710452,68.9226131387381,71.26618250710452
2025-04-15 01:15:37.901303,validation,71.0925165772024,68.70241622332946,71.0925165772024
2025-04-15 01:15:49.615047,validation,72.24502683928007,70.16235441932915,72.24502683928009
2025-04-15 01:16:01.355948,validation,72.0239974739501,69.88679793848355,72.0239974739501
2025-04-15 01:16:13.342952,validation,72.67129775813072,70.70639627315646,72.67129775813072
2025-04-15 01:16:25.227142,validation,73.83959583201768,72.14912273271679,73.83959583201768
2025-04-15 01:16:36.952098,validation,73.19229554783708,71.35175439218384,73.19229554783708
2025-04-15 01:16:51.097057,validation,74.43953268077044,72.88518438809946,74.43953268077045
2025-04-15 01:17:02.894820,validation,75.30786233028103,73.93520048844434,75.30786233028103
2025-04-15 01:17:14.797984,validation,75.74992106094095,74.47501488109425,75.74992106094095
2025-04-15 01:17:26.557316,validation,76.33407009788444,75.17150187994865,76.33407009788444
2025-04-15 01:17:38.378813,validation,76.71297758130723,75.61743641468252,76.71297758130723
2025-04-15 01:17:50.145872,validation,77.47079254815283,76.51368031799353,77.47079254815283
2025-04-15 01:18:01.954803,validation,77.75497316071993,76.83439759225679,77.75497316071991
2025-04-15 01:18:13.719732,validation,77.62867066624565,76.69675146584717,77.62867066624565
2025-04-15 01:18:25.758086,validation,77.89706346700348,77.00780474563899,77.89706346700346
2025-04-15 01:18:37.526920,validation,78.27597095042627,77.4507823985346,78.27597095042627
2025-04-15 01:18:49.325495,validation,79.39690558888537,78.72366085243591,79.39690558888537
2025-04-15 01:19:01.000855,validation,79.58635933059678,78.95067048591724,79.58635933059678
2025-04-15 01:19:12.942563,validation,79.55478370697821,78.9061271585122,79.55478370697821
2025-04-15 01:19:24.810472,validation,79.6652983896432,79.02612307179979,79.6652983896432
2025-04-15 01:19:36.682027,validation,79.63372276602463,78.99594013933854,79.63372276602463
2025-04-15 01:19:48.385846,validation,80.07578149668456,79.49303474581272,80.07578149668456
2025-04-15 01:20:00.112487,validation,80.59677928639091,80.07733342112228,80.59677928639091
2025-04-15 01:20:12.063324,validation,80.20208399115883,79.64073684578504,80.20208399115883
2025-04-15 01:20:24.166348,validation,81.11777707609725,80.65101611630054,81.11777707609725
2025-04-15 01:20:35.960280,validation,80.48626460372593,79.95437757023929,80.48626460372591
2025-04-15 01:20:47.719685,validation,81.48089674771077,81.05948573394959,81.48089674771076
2025-04-15 01:20:59.980356,validation,81.43353331228292,81.00829658237501,81.43353331228292
2025-04-15 01:21:12.537812,validation,82.33343858541207,81.98667888691425,82.33343858541207
2025-04-15 01:21:24.882499,validation,82.52289232712346,82.1924588446072,82.52289232712346
2025-04-15 01:21:36.994401,validation,82.3965898326492,82.051069668373,82.3965898326492
2025-04-15 01:21:49.612422,validation,82.12819703189137,81.75842825618774,82.12819703189137
2025-04-15 01:22:01.563870,validation,82.82286075149985,82.51697074455926,82.82286075149983
2025-04-15 01:22:13.889002,validation,82.63340700978844,82.31200121098055,82.63340700978844
2025-04-15 01:22:26.108662,validation,83.2333438585412,82.96714784913672,83.2333438585412
2025-04-15 01:22:38.333693,validation,82.90179981054627,82.6039335027648,82.90179981054627
2025-04-15 01:22:50.932545,validation,83.18598042311335,82.91421648972744,83.18598042311336
2025-04-15 01:23:03.055769,validation,82.83864856330912,82.53526236562156,82.83864856330912
2025-04-15 01:23:15.464862,validation,83.64382696558258,83.40628094071477,83.64382696558256
2025-04-15 01:23:27.555274,validation,83.50173665929903,83.25240564350791,83.50173665929901
2025-04-15 01:23:39.545812,validation,83.2333438585412,82.96578032301257,83.2333438585412
2025-04-15 01:23:51.503361,validation,83.59646353015472,83.35245436707599,83.59646353015472
2025-04-15 01:24:03.383602,validation,84.25955162614461,84.05991031202535,84.25955162614461
2025-04-15 01:24:15.779885,validation,83.37543416482475,83.1202191152602,83.37543416482475
2025-04-15 01:24:27.792403,validation,84.02273444900537,83.8089358275514,84.02273444900537
2025-04-15 01:24:40.001852,validation,83.86485633091253,83.63921628274375,83.86485633091254
2025-04-15 01:24:52.218145,validation,83.83328070729397,83.6084297954722,83.83328070729397
2025-04-15 01:25:04.132459,validation,83.91221976634039,83.69029727711047,83.91221976634039
2025-04-15 01:25:16.435868,validation,83.97537101357752,83.75673865483787,83.97537101357752
2025-04-15 01:25:28.520511,validation,84.22797600252605,84.02564166255074,84.22797600252605
2025-04-15 01:25:40.475498,validation,84.35427849700032,84.15922472067213,84.35427849700031
2025-04-15 01:25:52.629585,validation,83.94379538995895,83.72352208306529,83.94379538995895
2025-04-15 01:26:04.608324,validation,84.33849068519103,84.14154911280491,84.33849068519103
2025-04-15 01:26:16.890262,validation,84.38585412061889,84.19231371402354,84.38585412061889
2025-04-15 01:26:28.967950,validation,84.46479317966529,84.27610422997073,84.46479317966529
2025-04-15 01:26:41.051055,validation,84.41742974423745,84.225394838773,84.41742974423745
2025-04-15 01:26:53.384212,validation,84.49636880328387,84.31134397263837,84.49636880328386
2025-04-15 01:27:24.506861,validation,49.87369750552573,33.193091840294066,49.87369750552573
2025-04-15 01:27:36.290254,validation,49.87369750552573,33.193091840294066,49.87369750552573
2025-04-15 01:27:48.103642,validation,49.87369750552573,33.193091840294066,49.87369750552573
2025-04-15 01:27:59.681031,validation,49.889485317335016,33.22815447643682,49.88948531733502
2025-04-15 01:28:11.497098,validation,49.968424376381435,33.40318101946219,49.968424376381435
2025-04-15 01:28:24.457123,validation,50.268392800757816,34.063960785296565,50.26839280075781
2025-04-15 01:28:36.946842,validation,50.50520997789706,34.607745647355245,50.50520997789706
2025-04-15 01:28:48.582655,validation,51.04199557941269,35.789102594429615,51.04199557941269
2025-04-15 01:29:00.405090,validation,52.00505209977897,37.85793116122808,52.00505209977897
2025-04-15 01:29:12.281264,validation,54.19955794126934,42.24887909957795,54.19955794126934
2025-04-15 01:29:24.288277,validation,54.32586043574361,42.470518641576106,54.325860435743614
2025-04-15 01:29:36.132637,validation,55.115251026207766,44.02460674327857,55.115251026207766
2025-04-15 01:29:47.901708,validation,54.9889485317335,43.788250683493246,54.988948531733506
2025-04-15 01:29:59.616535,validation,54.467950742027156,42.783326611266084,54.46795074202716
2025-04-15 01:30:11.479623,validation,55.7467634985791,45.21204923155301,55.7467634985791
2025-04-15 01:30:23.305159,validation,56.17303441742975,45.970047565556385,56.17303441742975
2025-04-15 01:30:35.039614,validation,56.61509314808968,46.818666496703266,56.61509314808968
2025-04-15 01:30:46.615161,validation,55.052099778970636,43.92620925605781,55.05209977897063
2025-04-15 01:30:58.255942,validation,57.688664351120934,48.739020021088145,57.688664351120934
2025-04-15 01:31:10.014140,validation,55.95200505209978,45.6239509510551,55.95200505209977
2025-04-15 01:31:21.909061,validation,56.04673192295548,45.75929054928173,56.04673192295549
2025-04-15 01:31:33.599794,validation,57.35712030312599,48.17957130152404,57.35712030312599
2025-04-15 01:31:45.615180,validation,58.41490369434796,49.9830627241021,58.41490369434796
2025-04-15 01:31:57.324565,validation,56.69403220713609,46.959398360169395,56.69403220713609
2025-04-15 01:32:09.150668,validation,57.309756867698134,48.063292287318205,57.309756867698134
2025-04-15 01:32:21.039477,validation,57.5307862330281,48.44874712832431,57.530786233028095
2025-04-15 01:32:32.658249,validation,59.12535522576571,51.25081265857655,59.12535522576571
2025-04-15 01:32:44.446596,validation,57.7202399747395,48.793621036033876,57.7202399747395
2025-04-15 01:32:56.372811,validation,57.183454373223874,47.84197097758593,57.183454373223874
2025-04-15 01:33:08.283299,validation,59.66214082728134,52.149634417375346,59.66214082728134
2025-04-15 01:33:20.216614,validation,59.898958004420585,52.507843268591344,59.898958004420585
2025-04-15 01:33:32.029466,validation,60.483107041364065,53.49186088740545,60.48310704136407
2025-04-15 01:33:43.843742,validation,61.161982949163246,54.620523164545745,61.16198294916324
2025-04-15 01:33:55.831019,validation,60.75149984212188,53.893785558475635,60.75149984212188
2025-04-15 01:34:07.654548,validation,62.36185664666877,56.47807235923171,62.36185664666877
2025-04-15 01:34:19.538386,validation,62.36185664666877,56.47807235923171,62.36185664666877
2025-04-15 01:34:31.243056,validation,62.5197347647616,56.71855713160138,62.5197347647616
2025-04-15 01:34:43.013880,validation,64.39848437006631,59.55444216984635,64.39848437006631
2025-04-15 01:34:55.010428,validation,66.02462898642248,61.974626453756166,66.02462898642248
2025-04-15 01:35:06.677931,validation,65.36154089043258,60.95864011001112,65.3615408904326
2025-04-15 01:35:18.571345,validation,67.96652983896432,64.73179422291454,67.96652983896432
2025-04-15 01:35:30.473220,validation,69.4979475844648,66.76829940202272,69.4979475844648
2025-04-15 01:35:42.273763,validation,72.37132933375435,70.5344178525188,72.37132933375435
2025-04-15 01:35:54.064760,validation,72.67129775813072,70.9101421721791,72.67129775813072
2025-04-15 01:36:05.842400,validation,74.53425955162615,73.21328243149048,74.53425955162615
2025-04-15 01:36:18.007929,validation,73.71329333754342,72.2413592467891,73.71329333754342
2025-04-15 01:36:29.767922,validation,75.68676981370382,74.60785132256066,75.68676981370382
2025-04-15 01:36:41.582666,validation,77.37606567729712,76.6094224462065,77.37606567729712
2025-04-15 01:36:53.567103,validation,77.10767287653931,76.30226635653553,77.10767287653931
2025-04-15 01:37:05.229625,validation,79.25481528260183,78.76936690995612,79.25481528260183
2025-04-15 01:37:17.288964,validation,81.19671613514367,80.9330465582082,81.19671613514366
2025-04-15 01:37:29.243173,validation,81.03883801705084,80.75976044224763,81.03883801705084
2025-04-15 01:37:40.928543,validation,82.12819703189137,81.98131236517494,82.12819703189137
2025-04-15 01:37:52.953376,validation,82.42816545626776,82.29715882676558,82.42816545626776
2025-04-15 01:38:04.676083,validation,82.83864856330912,82.72803535767508,82.83864856330912
2025-04-15 01:38:16.550087,validation,83.58067571834543,83.53547337552772,83.58067571834543
2025-04-15 01:38:28.828238,validation,83.81749289548469,83.77480720187619,83.81749289548469
2025-04-15 01:38:40.704849,validation,83.97537101357752,83.94243268691676,83.97537101357752
2025-04-15 01:38:52.570908,validation,83.9911588253868,83.9755267889782,83.9911588253868
2025-04-15 01:39:04.335642,validation,84.41742974423745,84.41213618085503,84.41742974423745
2025-04-15 01:39:16.304541,validation,84.60688348594884,84.60538509816483,84.60688348594884
2025-04-15 01:39:28.047706,validation,84.59109567413957,84.5908990266653,84.59109567413957
2025-04-15 01:39:39.831544,validation,84.59109567413957,84.5905057204233,84.59109567413957
2025-04-15 01:39:51.562757,validation,84.51215661509315,84.51139956042171,84.51215661509315
2025-04-15 01:40:03.271516,validation,84.70161035680455,84.70116762386432,84.70161035680455
2025-04-15 01:40:15.355546,validation,84.73318598042312,84.73279591777973,84.73318598042312
2025-04-15 01:40:27.089765,validation,84.59109567413957,84.5887831184447,84.59109567413957
2025-04-15 01:40:38.968668,validation,84.73318598042312,84.72763664945893,84.73318598042312
2025-04-15 01:40:50.727948,validation,84.78054941585096,84.77954783559343,84.78054941585096
2025-04-15 01:41:02.677695,validation,84.63845910956742,84.63108174451361,84.6384591095674
2025-04-15 01:41:14.541931,validation,84.67003473318599,84.66446244738843,84.67003473318599
2025-04-15 01:41:26.255207,validation,84.43321755604673,84.41770526704352,84.43321755604674
2025-04-15 01:41:38.043862,validation,84.44900536785602,84.43303917658159,84.44900536785602
2025-04-15 01:41:50.146551,validation,84.43321755604673,84.42175424800497,84.43321755604674
2025-04-15 01:42:01.829219,validation,84.44900536785602,84.44018657851636,84.44900536785602
2025-04-15 01:42:13.601003,validation,84.29112724976318,84.27022897458421,84.29112724976319
2025-04-15 01:42:25.451118,validation,84.33849068519103,84.32470519783648,84.33849068519103
2025-04-15 01:42:37.315005,validation,84.11746131986106,84.09190231678487,84.11746131986106
2025-04-15 01:42:49.196901,validation,84.2753394379539,84.25460135068114,84.2753394379539
2025-04-15 01:43:00.874900,validation,84.16482475528892,84.13994193782567,84.16482475528892
2025-04-15 01:43:12.677703,validation,84.29112724976318,84.27655273008537,84.29112724976319
2025-04-15 01:43:24.639770,validation,83.95958320176824,83.92058963245681,83.95958320176824
2025-04-15 01:43:36.321716,validation,84.05431007262393,84.03102271818751,84.05431007262393
2025-04-15 01:43:48.048788,validation,84.16482475528892,84.14339113664046,84.16482475528892
2025-04-15 01:43:59.728544,validation,84.16482475528892,84.14073073318468,84.16482475528892
2025-04-15 01:44:11.192231,validation,84.05431007262393,84.02355595011079,84.05431007262393
2025-04-15 01:44:23.019348,validation,84.07009788443322,84.04816333101888,84.07009788443321
2025-04-15 01:44:34.375884,validation,84.03852226081464,84.0109785672712,84.03852226081466
2025-04-15 01:44:46.113617,validation,84.0858856962425,84.0673810322412,84.0858856962425
2025-04-15 01:44:57.523656,validation,84.0858856962425,84.06147458387917,84.0858856962425
2025-04-15 01:45:09.133446,validation,84.11746131986106,84.09388020556689,84.11746131986106
2025-04-15 01:45:20.850486,validation,84.07009788443322,84.04176382107212,84.07009788443321
2025-04-15 01:45:32.795344,validation,83.92800757814967,83.89426786835949,83.92800757814966
2025-04-15 01:45:44.552060,validation,83.92800757814967,83.89565346499933,83.92800757814966
2025-04-15 01:45:55.964063,validation,84.03852226081464,84.01263303394114,84.03852226081466
2025-04-15 01:46:07.429534,validation,83.9911588253868,83.9620391002175,83.9911588253868
2025-04-15 01:46:19.123247,validation,83.92800757814967,83.89519484497717,83.92800757814966
2025-04-15 01:46:30.546295,validation,83.95958320176824,83.92819837604156,83.95958320176824
2025-04-15 01:46:42.078318,validation,83.94379538995895,83.91349471496396,83.94379538995895
2025-04-15 01:46:53.871622,validation,83.97537101357752,83.94379208341768,83.97537101357752
